Date,Open,High,Low,Close,Volume,"('Adj Close', 'ANVS')","('Close', 'ANVS')","('High', 'ANVS')","('Low', 'ANVS')","('Open', 'ANVS')","('Volume', 'ANVS')","('EMA5', '')","('EMA21', '')","('EMA26', '')","('ATR50', '')"
2024-01-01 19:00:00-05:00,19.0,19.68000030517578,18.5,18.93000030517578,293700.0,,,,,,,,,,
2024-01-02 19:00:00-05:00,18.40999984741211,19.65999984741211,17.020000457763672,18.559999465942383,360200.0,,,,,,,,,,
2024-01-03 19:00:00-05:00,18.350000381469727,18.57999992370605,15.100000381469728,16.309999465942383,561500.0,,,,,,,,,,
2024-01-04 19:00:00-05:00,16.280000686645508,16.75,12.119999885559082,12.25,1007900.0,,,,,,,,,,
2024-01-07 19:00:00-05:00,12.09000015258789,14.020000457763672,11.68000030517578,13.890000343322754,491500.0,,,,,,,,,,
2024-01-08 19:00:00-05:00,13.6899995803833,13.93000030517578,13.020000457763672,13.020000457763672,376700.0,,,,,,,,,,
2024-01-09 19:00:00-05:00,13.0,13.449999809265137,12.710000038146973,12.979999542236328,283600.0,,,,,,,,,,
2024-01-10 19:00:00-05:00,13.0,13.260000228881836,12.06999969482422,12.5,408400.0,,,,,,,,,,
2024-01-11 19:00:00-05:00,12.550000190734863,13.40999984741211,12.420000076293944,12.84000015258789,201800.0,,,,,,,,,,
2024-01-15 19:00:00-05:00,13.06999969482422,13.06999969482422,11.829999923706056,11.850000381469728,305700.0,,,,,,,,,,
2024-01-16 19:00:00-05:00,11.84000015258789,11.899999618530272,11.199999809265137,11.460000038146973,162800.0,,,,,,,,,,
2024-01-17 19:00:00-05:00,11.640000343322754,11.729999542236328,10.829999923706056,11.609999656677246,125000.0,,,,,,,,,,
2024-01-18 19:00:00-05:00,11.609999656677246,12.09000015258789,11.380000114440918,11.699999809265137,159400.0,,,,,,,,,,
2024-01-21 19:00:00-05:00,11.640000343322754,13.5,11.600000381469728,12.93000030517578,368400.0,,,,,,,,,,
2024-01-22 19:00:00-05:00,11.899999618530272,12.210000038146973,11.300000190734863,11.640000343322754,369400.0,,,,,,,,,,
2024-01-23 19:00:00-05:00,10.460000038146973,10.460000038146973,9.0,9.09000015258789,1238200.0,,,,,,,,,,
2024-01-24 19:00:00-05:00,9.09000015258789,9.770000457763672,9.039999961853027,9.140000343322754,330500.0,,,,,,,,,,
2024-01-25 19:00:00-05:00,9.1899995803833,10.5,9.1899995803833,9.90999984741211,415900.0,,,,,,,,,,
2024-01-28 19:00:00-05:00,10.460000038146973,11.529999732971191,10.09000015258789,11.380000114440918,318400.0,,,,,,,,,,
2024-01-29 19:00:00-05:00,12.0,12.0,10.630000114440918,10.75,240500.0,,,,,,,,,,
2024-01-30 19:00:00-05:00,11.420000076293944,11.5600004196167,10.609999656677246,11.050000190734863,160000.0,,,,,,,,,,
2024-01-31 19:00:00-05:00,11.640000343322754,11.640000343322754,10.649999618530272,10.979999542236328,102300.0,,,,,,,,,,
2024-02-01 19:00:00-05:00,10.529999732971191,10.600000381469728,9.5600004196167,10.0600004196167,396000.0,,,,,,,,,,
2024-02-04 19:00:00-05:00,9.75,10.199999809265137,9.550000190734863,9.779999732971191,121100.0,,,,,,,,,,
2024-02-05 19:00:00-05:00,9.59000015258789,10.329999923706056,9.550000190734863,10.260000228881836,132400.0,,,,,,,,,,
2024-02-06 19:00:00-05:00,10.68000030517578,10.68000030517578,9.739999771118164,9.90999984741211,144300.0,,,,,,,,,,
2024-02-07 19:00:00-05:00,10.0,11.0,9.760000228881836,10.84000015258789,132200.0,,,,,,,,,,
2024-02-08 19:00:00-05:00,11.100000381469728,11.300000190734863,10.699999809265137,10.949999809265137,118100.0,,,,,,,,,,
2024-02-11 19:00:00-05:00,11.0,11.43000030517578,10.5,10.59000015258789,173500.0,,,,,,,,,,
2024-02-12 19:00:00-05:00,10.100000381469728,10.5,9.850000381469728,10.050000190734863,154000.0,,,,,,,,,,
2024-02-13 19:00:00-05:00,10.350000381469728,10.609999656677246,10.0600004196167,10.369999885559082,159700.0,,,,,,,,,,
2024-02-14 19:00:00-05:00,10.5,11.640000343322754,10.5,11.279999732971191,247400.0,,,,,,,,,,
2024-02-15 19:00:00-05:00,11.390000343322754,11.460000038146973,10.25,10.43000030517578,214600.0,,,,,,,,,,
2024-02-19 19:00:00-05:00,10.5600004196167,10.65999984741211,9.93000030517578,10.0600004196167,127100.0,,,,,,,,,,
2024-02-20 19:00:00-05:00,10.0,10.380000114440918,9.960000038146973,10.18000030517578,95600.0,,,,,,,,,,
2024-02-21 19:00:00-05:00,10.18000030517578,10.479999542236328,9.970000267028809,10.359999656677246,84800.0,,,,,,,,,,
2024-02-22 19:00:00-05:00,10.300000190734863,10.399999618530272,9.550000190734863,9.9399995803833,326100.0,,,,,,,,,,
2024-02-25 19:00:00-05:00,9.9399995803833,9.949999809265137,8.59000015258789,8.869999885559082,478100.0,,,,,,,,,,
2024-02-26 19:00:00-05:00,8.8100004196167,9.880000114440918,8.699999809265137,9.789999961853027,266800.0,,,,,,,,,,
2024-02-27 19:00:00-05:00,8.84000015258789,9.329999923706056,8.640000343322754,8.880000114440918,328900.0,,,,,,,,,,
2024-02-28 19:00:00-05:00,8.989999771118164,8.989999771118164,8.100000381469727,8.470000267028809,291400.0,,,,,,,,,,
2024-02-29 19:00:00-05:00,8.800000190734863,9.479999542236328,8.460000038146973,8.869999885559082,187000.0,,,,,,,,,,
2024-03-03 19:00:00-05:00,9.239999771118164,9.449999809265137,8.770000457763672,9.100000381469728,101600.0,,,,,,,,,,
2024-03-04 19:00:00-05:00,9.0600004196167,9.350000381469728,8.979999542236328,9.0600004196167,100100.0,,,,,,,,,,
2024-03-05 19:00:00-05:00,9.06999969482422,9.390000343322754,9.06999969482422,9.350000381469728,85400.0,,,,,,,,,,
2024-03-06 19:00:00-05:00,9.420000076293944,9.420000076293944,8.800000190734863,8.800000190734863,92400.0,,,,,,,,,,
2024-03-07 19:00:00-05:00,8.90999984741211,9.239999771118164,8.819999694824219,8.970000267028809,68800.0,,,,,,,,,,
2024-03-10 20:00:00-04:00,8.760000228881836,9.119999885559082,8.760000228881836,9.010000228881836,56900.0,,,,,,,,,,
2024-03-11 20:00:00-04:00,9.25,9.470000267028809,9.0,9.34000015258789,69100.0,,,,,,,,,,
2024-03-12 20:00:00-04:00,9.199999809265137,9.619999885559082,9.0,9.09000015258789,126700.0,,,,,,,,,,
2024-03-13 20:00:00-04:00,9.0,9.199999809265137,8.890000343322754,8.920000076293945,81500.0,,,,,,,,,,
2024-03-14 20:00:00-04:00,8.899999618530273,9.399999618530272,8.899999618530273,9.09000015258789,119600.0,,,,,,,,,,
2024-03-17 20:00:00-04:00,9.899999618530272,10.050000190734863,9.31999969482422,9.390000343322754,158200.0,,,,,,,,,,
2024-03-18 20:00:00-04:00,9.34000015258789,9.4399995803833,8.899999618530273,8.920000076293945,154300.0,,,,,,,,,,
2024-03-19 20:00:00-04:00,9.850000381469728,13.260000228881836,9.600000381469728,11.100000381469728,2141300.0,,,,,,,,,,
2024-03-20 20:00:00-04:00,11.149999618530272,12.449999809265137,10.800000190734863,11.829999923706056,425400.0,,,,,,,,,,
2024-03-21 20:00:00-04:00,11.8100004196167,11.8100004196167,10.600000381469728,11.3100004196167,254600.0,,,,,,,,,,
2024-03-24 20:00:00-04:00,11.600000381469728,11.920000076293944,10.920000076293944,11.899999618530272,304600.0,,,,,,,,,,
2024-03-25 20:00:00-04:00,12.449999809265137,12.449999809265137,11.520000457763672,11.779999732971191,252400.0,,,,,,,,,,
2024-03-26 20:00:00-04:00,11.729999542236328,12.300000190734863,11.59000015258789,12.029999732971191,173600.0,,,,,,,,,,
2024-03-27 20:00:00-04:00,12.0,12.579999923706056,11.579999923706056,11.899999618530272,249600.0,,,,,,,,,,
2024-03-31 20:00:00-04:00,12.0,12.4399995803833,11.550000190734863,11.960000038146973,192100.0,,,,,,,,,,
2024-04-01 20:00:00-04:00,12.239999771118164,12.31999969482422,11.06999969482422,11.18000030517578,201600.0,,,,,,,,,,
2024-04-02 20:00:00-04:00,11.25,11.59000015258789,11.140000343322754,11.289999961853027,120200.0,,,,,,,,,,
2024-04-03 20:00:00-04:00,11.220000267028809,11.470000267028809,10.869999885559082,11.039999961853027,185500.0,,,,,,,,,,
2024-04-04 20:00:00-04:00,11.1899995803833,11.59000015258789,10.850000381469728,11.100000381469728,186000.0,,,,,,,,,,
2024-04-07 20:00:00-04:00,10.970000267028809,11.68000030517578,10.90999984741211,11.460000038146973,158100.0,,,,,,,,,,
2024-04-08 20:00:00-04:00,11.479999542236328,12.149999618530272,11.260000228881836,11.489999771118164,141300.0,,,,,,,,,,
2024-04-09 20:00:00-04:00,11.09000015258789,11.800000190734863,10.859999656677246,11.75,97800.0,,,,,,,,,,
2024-04-10 20:00:00-04:00,11.899999618530272,12.329999923706056,11.800000190734863,12.199999809265137,147800.0,,,,,,,,,,
2024-04-11 20:00:00-04:00,12.18000030517578,12.199999809265137,11.59000015258789,11.630000114440918,132300.0,,,,,,,,,,
2024-04-14 20:00:00-04:00,11.68000030517578,11.989999771118164,10.850000381469728,11.09000015258789,155700.0,,,,,,,,,,
2024-04-15 20:00:00-04:00,11.0,11.119999885559082,9.600000381469728,10.079999923706056,194200.0,,,,,,,,,,
2024-04-16 20:00:00-04:00,10.0,10.31999969482422,8.859999656677246,8.989999771118164,292900.0,,,,,,,,,,
2024-04-17 20:00:00-04:00,9.109999656677246,9.880000114440918,9.039999961853027,9.850000381469728,241600.0,,,,,,,,,,
2024-04-18 20:00:00-04:00,9.850000381469728,10.18000030517578,9.619999885559082,10.0600004196167,224300.0,,,,,,,,,,
2024-04-21 20:00:00-04:00,10.170000076293944,11.739999771118164,10.100000381469728,11.489999771118164,321100.0,,,,,,,,,,
2024-04-22 20:00:00-04:00,11.56999969482422,12.34000015258789,11.399999618530272,11.880000114440918,226500.0,,,,,,,,,,
2024-04-23 20:00:00-04:00,11.989999771118164,13.649999618530272,11.989999771118164,12.739999771118164,490400.0,,,,,,,,,,
2024-04-24 20:00:00-04:00,12.550000190734863,13.640000343322754,12.550000190734863,13.600000381469728,330400.0,,,,,,,,,,
2024-04-25 20:00:00-04:00,13.710000038146973,18.200000762939453,13.710000038146973,18.010000228881836,1059600.0,,,,,,,,,,
2024-04-28 20:00:00-04:00,18.0,20.0,5.230000019073486,7.28000020980835,9558900.0,,,,,,,,,,
2024-04-29 20:00:00-04:00,6.889999866485596,6.889999866485596,5.369999885559082,5.570000171661377,2175900.0,,,,,,,,,,
2024-04-30 20:00:00-04:00,5.460000038146973,6.309999942779541,5.460000038146973,6.110000133514404,1076600.0,,,,,,,,,,
2024-05-01 20:00:00-04:00,6.199999809265137,6.199999809265137,5.449999809265137,5.449999809265137,673500.0,,,,,,,,,,
2024-05-02 20:00:00-04:00,5.46999979019165,5.730000019073486,4.860000133514404,5.179999828338623,609600.0,,,,,,,,,,
2024-05-05 20:00:00-04:00,5.300000190734863,5.760000228881836,5.210000038146973,5.389999866485596,399600.0,,,,,,,,,,
2024-05-06 20:00:00-04:00,5.489999771118164,5.559999942779541,5.199999809265137,5.349999904632568,329200.0,,,,,,,,,,
2024-05-07 20:00:00-04:00,5.300000190734863,5.300000190734863,4.789999961853027,4.820000171661377,420400.0,,,,,,,,,,
2024-05-08 20:00:00-04:00,5.099999904632568,6.929999828338623,5.0,6.03000020980835,2122700.0,,,,,,,,,,
2024-05-09 20:00:00-04:00,6.130000114440918,6.349999904632568,5.400000095367432,5.929999828338623,536100.0,,,,,,,,,,
2024-05-12 20:00:00-04:00,6.5,7.260000228881836,6.170000076293945,6.849999904632568,589300.0,,,,,,,,,,
2024-05-13 20:00:00-04:00,7.03000020980835,8.359999656677246,6.949999809265137,8.359999656677246,789400.0,,,,,,,,,,
2024-05-14 20:00:00-04:00,8.5,10.399999618530272,8.489999771118164,8.720000267028809,1016400.0,,,,,,,,,,
2024-05-15 20:00:00-04:00,8.720000267028809,9.079999923706056,8.029999732971191,8.029999732971191,463600.0,,,,,,,,,,
2024-05-16 20:00:00-04:00,8.0,8.350000381469727,7.380000114440918,8.3100004196167,472100.0,,,,,,,,,,
2024-05-19 20:00:00-04:00,8.350000381469727,8.979999542236328,8.0,8.75,320600.0,,,,,,,,,,
2024-05-20 20:00:00-04:00,8.699999809265137,9.18000030517578,8.229999542236328,8.229999542236328,271600.0,,,,,,,,,,
2024-05-21 20:00:00-04:00,7.949999809265137,8.239999771118164,7.510000228881836,7.650000095367432,328200.0,,,,,,,,,,
2024-05-22 20:00:00-04:00,7.849999904632568,7.849999904632568,6.820000171661377,7.079999923706055,324500.0,,,,,,,,,,
2024-05-23 20:00:00-04:00,7.130000114440918,7.360000133514404,6.909999847412109,7.289999961853027,107500.0,,,,,,,,,,
2024-05-27 20:00:00-04:00,7.400000095367432,7.46999979019165,6.429999828338623,6.650000095367432,330500.0,,,,,,,,,,
2024-05-28 20:00:00-04:00,6.510000228881836,6.929999828338623,6.0,6.0,403900.0,,,,,,,,,,
2024-05-29 20:00:00-04:00,6.210000038146973,6.239999771118164,5.909999847412109,6.0,181900.0,,,,,,,,,,
2024-05-30 20:00:00-04:00,6.0,7.5,6.0,6.550000190734863,593700.0,,,,,,,,,,
2024-06-02 20:00:00-04:00,6.599999904632568,7.0,6.579999923706055,6.809999942779541,174400.0,,,,,,,,,,
2024-06-03 20:00:00-04:00,7.039999961853027,7.039999961853027,6.570000171661377,6.610000133514404,145600.0,,,,,,,,,,
2024-06-04 20:00:00-04:00,6.71999979019165,7.0,6.449999809265137,6.730000019073486,288900.0,,,,,,,,,,
2024-06-05 20:00:00-04:00,6.650000095367432,6.949999809265137,6.610000133514404,6.670000076293945,158100.0,,,,,,,,,,
2024-06-06 20:00:00-04:00,6.489999771118164,6.769999980926514,6.110000133514404,6.170000076293945,237000.0,,,,,,,,,,
2024-06-09 20:00:00-04:00,6.150000095367432,6.579999923706055,6.090000152587891,6.5,158700.0,,,,,,,,,,
2024-06-10 20:00:00-04:00,6.199999809265137,6.829999923706055,5.760000228881836,6.769999980926514,368400.0,,,,,,,,,,
2024-06-11 20:00:00-04:00,6.550000190734863,6.659999847412109,6.010000228881836,6.079999923706055,326200.0,,,,,,,,,,
2024-06-12 20:00:00-04:00,6.429999828338623,6.429999828338623,5.880000114440918,6.010000228881836,131700.0,,,,,,,,,,
2024-06-13 20:00:00-04:00,6.260000228881836,6.260000228881836,5.849999904632568,5.849999904632568,152100.0,,,,,,,,,,
2024-06-16 20:00:00-04:00,5.929999828338623,5.929999828338623,5.5,5.510000228881836,183000.0,,,,,,,,,,
2024-06-17 20:00:00-04:00,5.800000190734863,5.849999904632568,5.309999942779541,5.309999942779541,223400.0,,,,,,,,,,
2024-06-19 20:00:00-04:00,5.269999980926514,6.03000020980835,5.21999979019165,6.03000020980835,185200.0,,,,,,,,,,
2024-06-20 20:00:00-04:00,6.03000020980835,6.239999771118164,5.599999904632568,5.940000057220459,242900.0,,,,,,,,,,
2024-06-23 20:00:00-04:00,6.0,6.300000190734863,5.730000019073486,6.090000152587891,193800.0,,,,,,,,,,
2024-06-24 20:00:00-04:00,5.909999847412109,5.96999979019165,5.53000020980835,5.559999942779541,208000.0,,,,,,,,,,
2024-06-25 20:00:00-04:00,5.739999771118164,5.949999809265137,5.710000038146973,5.730000019073486,140300.0,,,,,,,,,,
2024-06-26 20:00:00-04:00,5.650000095367432,6.179999828338623,5.650000095367432,6.0,163000.0,,,,,,,,,,
2024-06-27 20:00:00-04:00,6.079999923706055,6.159999847412109,5.559999942779541,5.760000228881836,143800.0,,,,,,,,,,
2024-06-30 20:00:00-04:00,5.989999771118164,5.989999771118164,5.269999980926514,5.269999980926514,374100.0,,,,,,,,,,
2024-07-01 20:00:00-04:00,5.329999923706055,12.510000228881836,4.53000020980835,9.279999732971191,40734200.0,,,,,,,,,,
2024-07-02 20:00:00-04:00,9.18000030517578,9.239999771118164,7.380000114440918,8.079999923706055,5394600.0,,,,,,,,,,
2024-07-04 20:00:00-04:00,7.699999809265137,11.460000038146973,7.690000057220459,11.100000381469728,16203600.0,,,,,,,,,,
2024-07-07 20:00:00-04:00,11.100000381469728,17.31999969482422,11.100000381469728,15.460000038146973,22142300.0,,,,,,,,,,
2024-07-08 20:00:00-04:00,15.130000114440918,17.8799991607666,13.75,14.56999969482422,3952300.0,,,,,,,,,,
2024-07-09 20:00:00-04:00,14.020000457763672,14.140000343322754,11.420000076293944,12.079999923706056,2122800.0,,,,,,,,,,
2024-07-10 20:00:00-04:00,12.539999961853027,14.800000190734863,12.420000076293944,13.109999656677246,2580800.0,,,,,,,,,,
2024-07-11 20:00:00-04:00,13.260000228881836,13.529999732971191,12.020000457763672,12.15999984741211,982900.0,,,,,,,,,,
2024-07-14 20:00:00-04:00,12.029999732971191,13.0,12.029999732971191,12.640000343322754,506900.0,,,,,,,,,,
2024-07-15 20:00:00-04:00,12.600000381469728,13.90999984741211,12.4399995803833,12.510000228881836,961200.0,,,,,,,,,,
2024-07-16 20:00:00-04:00,12.210000038146973,13.380000114440918,11.770000457763672,12.460000038146973,601900.0,,,,,,,,,,
2024-07-17 20:00:00-04:00,12.449999809265137,12.579999923706056,11.149999618530272,11.390000343322754,533400.0,,,,,,,,,,
2024-07-18 20:00:00-04:00,11.279999732971191,11.539999961853027,10.520000457763672,11.329999923706056,444300.0,,,,,,,,,,
2024-07-21 20:00:00-04:00,11.479999542236328,11.539999961853027,10.31999969482422,10.75,406000.0,,,,,,,,,,
2024-07-22 20:00:00-04:00,10.720000267028809,11.109999656677246,10.5,10.649999618530272,284900.0,,,,,,,,,,
2024-07-23 20:00:00-04:00,10.520000457763672,11.6899995803833,10.5,10.770000457763672,696500.0,,,,,,,,,,
2024-07-24 20:00:00-04:00,10.710000038146973,10.84000015258789,10.199999809265137,10.470000267028809,195000.0,,,,,,,,,,
2024-07-25 20:00:00-04:00,10.470000267028809,11.199999809265137,10.18000030517578,10.960000038146973,371900.0,,,,,,,,,,
2024-07-28 20:00:00-04:00,11.079999923706056,11.289999961853027,10.40999984741211,10.579999923706056,227300.0,,,,,,,,,,
2024-07-29 20:00:00-04:00,10.59000015258789,10.649999618530272,9.399999618530272,9.449999809265137,453600.0,,,,,,,,,,
2024-07-30 20:00:00-04:00,9.329999923706056,9.850000381469728,8.760000228881836,9.3100004196167,438100.0,,,,,,,,,,
2024-07-31 20:00:00-04:00,9.390000343322754,9.850000381469728,8.880000114440918,9.09000015258789,371300.0,,,,,,,,,,
2024-08-01 20:00:00-04:00,8.869999885559082,8.989999771118164,8.40999984741211,8.65999984741211,247700.0,,,,,,,,,,
2024-08-04 20:00:00-04:00,7.869999885559082,8.569999694824219,7.699999809265137,8.399999618530273,256600.0,,,,,,,,,,
2024-08-05 20:00:00-04:00,8.920000076293945,8.920000076293945,8.350000381469727,8.350000381469727,263300.0,,,,,,,,,,
2024-08-06 20:00:00-04:00,8.5,8.5,7.820000171661377,8.020000457763672,322700.0,,,,,,,,,,
2024-08-07 20:00:00-04:00,8.109999656677246,8.5,7.829999923706055,8.25,202000.0,,,,,,,,,,
2024-08-08 20:00:00-04:00,8.300000190734863,8.460000038146973,7.559999942779541,7.690000057220459,324200.0,,,,,,,,,,
2024-08-11 20:00:00-04:00,7.840000152587891,7.909999847412109,7.579999923706055,7.869999885559082,115200.0,,,,,,,,,,
2024-08-12 20:00:00-04:00,8.100000381469727,8.1899995803833,7.869999885559082,7.960000038146973,156100.0,,,,,,,,,,
2024-08-13 20:00:00-04:00,7.96999979019165,8.069999694824219,7.71999979019165,7.760000228881836,204000.0,,,,,,,,,,
2024-08-14 20:00:00-04:00,8.199999809265137,9.579999923706056,8.050000190734863,8.850000381469727,662700.0,,,,,,,,,,
2024-08-15 20:00:00-04:00,9.0,9.100000381469728,8.420000076293945,8.529999732971191,268800.0,,,,,,,,,,
2024-08-18 20:00:00-04:00,8.489999771118164,9.0600004196167,8.399999618530273,8.869999885559082,242200.0,,,,,,,,,,
2024-08-19 20:00:00-04:00,8.899999618530273,9.239999771118164,8.649999618530273,8.920000076293945,95900.0,,,,,,,,,,
2024-08-20 20:00:00-04:00,9.050000190734863,9.800000190734863,8.899999618530273,9.609999656677246,341100.0,,,,,,,,,,
2024-08-21 20:00:00-04:00,9.670000076293944,9.93000030517578,9.010000228881836,9.1899995803833,191600.0,,,,,,,,,,
2024-08-22 20:00:00-04:00,9.25,9.979999542236328,9.220000267028809,9.6899995803833,350900.0,,,,,,,,,,
2024-08-25 20:00:00-04:00,9.56999969482422,9.949999809265137,9.399999618530272,9.670000076293944,125000.0,,,,,,,,,,
2024-08-26 20:00:00-04:00,9.520000457763672,9.81999969482422,9.109999656677246,9.130000114440918,150500.0,,,,,,,,,,
2024-08-27 20:00:00-04:00,9.130000114440918,9.149999618530272,8.609999656677246,8.770000457763672,209500.0,,,,,,,,,,
2024-08-28 20:00:00-04:00,8.779999732971191,9.09000015258789,8.630000114440918,8.819999694824219,124100.0,,,,,,,,,,
2024-08-29 20:00:00-04:00,8.710000038146973,8.819999694824219,8.260000228881836,8.460000038146973,110100.0,,,,,,,,,,
2024-09-02 20:00:00-04:00,8.34000015258789,8.699999809265137,8.140000343322754,8.369999885559082,116900.0,,,,,,,,,,
2024-09-03 20:00:00-04:00,8.199999809265137,8.569999694824219,8.1899995803833,8.430000305175781,139500.0,,,,,,,,,,
2024-09-04 20:00:00-04:00,8.579999923706055,8.579999923706055,7.710000038146973,7.860000133514404,245500.0,,,,,,,,,,
2024-09-05 20:00:00-04:00,7.769999980926514,7.920000076293945,7.449999809265137,7.869999885559082,129700.0,,,,,,,,,,
2024-09-08 20:00:00-04:00,7.900000095367432,8.399999618530273,7.809999942779541,8.180000305175781,104600.0,,,,,,,,,,
2024-09-09 20:00:00-04:00,8.260000228881836,8.4399995803833,8.130000114440918,8.359999656677246,99600.0,,,,,,,,,,
2024-09-10 20:00:00-04:00,8.180000305175781,8.680000305175781,8.130000114440918,8.579999923706055,186500.0,,,,,,,,,,
2024-09-11 20:00:00-04:00,8.729999542236328,8.729999542236328,8.300000190734863,8.470000267028809,93900.0,,,,,,,,,,
2024-09-12 20:00:00-04:00,8.489999771118164,8.600000381469727,7.940000057220459,8.010000228881836,160800.0,,,,,,,,,,
2024-09-15 20:00:00-04:00,8.0,8.350000381469727,7.940000057220459,8.020000457763672,75300.0,,,,,,,,,,
2024-09-16 20:00:00-04:00,8.010000228881836,9.5,8.0,8.739999771118164,361400.0,,,,,,,,,,
2024-09-17 20:00:00-04:00,8.670000076293945,9.0,8.350000381469727,8.359999656677246,228600.0,,,,,,,,,,
2024-09-18 20:00:00-04:00,8.479999542236328,8.989999771118164,8.350000381469727,8.640000343322754,137000.0,,,,,,,,,,
2024-09-19 20:00:00-04:00,8.59000015258789,8.819999694824219,8.449999809265137,8.470000267028809,202700.0,,,,,,,,,,
2024-09-22 20:00:00-04:00,8.460000038146973,8.539999961853027,7.929999828338623,8.0,170400.0,,,,,,,,,,
2024-09-23 20:00:00-04:00,7.96999979019165,8.140000343322754,7.849999904632568,8.010000228881836,99000.0,,,,,,,,,,
2024-09-24 20:00:00-04:00,7.860000133514404,8.220000267028809,7.860000133514404,7.960000038146973,175800.0,,,,,,,,,,
2024-09-25 20:00:00-04:00,8.0,8.239999771118164,7.820000171661377,8.239999771118164,149200.0,,,,,,,,,,
2024-09-26 20:00:00-04:00,8.239999771118164,8.550000190734863,8.09000015258789,8.100000381469727,111800.0,,,,,,,,,,
2024-09-29 20:00:00-04:00,8.140000343322754,8.300000190734863,7.96999979019165,8.0600004196167,107800.0,,,,,,,,,,
2024-09-30 20:00:00-04:00,8.180000305175781,8.34000015258789,7.840000152587891,7.929999828338623,197000.0,,,,,,,,,,
2024-10-01 20:00:00-04:00,8.010000228881836,8.359999656677246,7.900000095367432,8.359999656677246,139300.0,,,,,,,,,,
2024-10-02 20:00:00-04:00,8.180000305175781,8.229999542236328,7.929999828338623,8.020000457763672,140900.0,,,,,,,,,,
2024-10-03 20:00:00-04:00,8.180000305175781,8.539999961853027,7.96999979019165,8.40999984741211,174600.0,,,,,,,,,,
2024-10-06 20:00:00-04:00,8.289999961853027,8.670000076293945,8.100000381469727,8.199999809265137,118900.0,,,,,,,,,,
2024-10-07 20:00:00-04:00,8.210000038146973,8.470000267028809,8.130000114440918,8.329999923706055,87900.0,,,,,,,,,,
2024-10-08 20:00:00-04:00,8.329999923706055,8.479999542236328,7.989999771118164,8.050000190734863,133000.0,,,,,,,,,,
2024-10-09 20:00:00-04:00,8.109999656677246,8.25,7.909999847412109,8.0,180300.0,,,,,,,,,,
2024-10-10 20:00:00-04:00,7.920000076293945,8.100000381469727,7.800000190734863,7.929999828338623,167400.0,,,,,,,,,,
2024-10-13 20:00:00-04:00,8.130000114440918,8.130000114440918,7.289999961853027,7.510000228881836,362000.0,,,,,,,,,,
2024-10-14 20:00:00-04:00,7.539999961853027,8.380000114440918,7.039999961853027,7.980000019073486,1494400.0,,,,,,,,,,
2024-10-15 20:00:00-04:00,8.09000015258789,9.5,7.949999809265137,9.140000343322754,909000.0,,,,,,,,,,
2024-10-16 20:00:00-04:00,9.140000343322754,9.140000343322754,8.170000076293945,8.65999984741211,426600.0,,,,,,,,,,
2024-10-17 20:00:00-04:00,8.550000190734863,9.300000190734863,8.550000190734863,9.210000038146973,275500.0,,,,,,,,,,
2024-10-20 20:00:00-04:00,9.149999618530272,10.210000038146973,9.0,9.81999969482422,653900.0,,,,,,,,,,
2024-10-21 20:00:00-04:00,10.050000190734863,10.100000381469728,9.619999885559082,9.630000114440918,249600.0,,,,,,,,,,
2024-10-22 20:00:00-04:00,9.56999969482422,9.65999984741211,9.0600004196167,9.25,155800.0,,,,,,,,,,
2024-10-23 20:00:00-04:00,9.25,9.609999656677246,9.0,9.06999969482422,139300.0,,,,,,,,,,
2024-10-24 20:00:00-04:00,9.4399995803833,10.470000267028809,9.31999969482422,9.869999885559082,528500.0,,,,,,,,,,
2024-10-27 20:00:00-04:00,9.869999885559082,10.539999961853027,9.65999984741211,9.699999809265137,361700.0,,,,,,,,,,
2024-10-28 20:00:00-04:00,9.630000114440918,10.15999984741211,9.630000114440918,9.75,158100.0,,,,,,,,,,
2024-10-29 20:00:00-04:00,9.56999969482422,9.779999732971191,9.390000343322754,9.550000190734863,229900.0,,,,,,,,,,
2024-10-30 20:00:00-04:00,9.649999618530272,9.649999618530272,9.020000457763672,9.279999732971191,243700.0,,,,,,,,,,
2024-10-31 20:00:00-04:00,9.449999809265137,9.529999732971191,8.850000381469727,9.09000015258789,143000.0,,,,,,,,,,
2024-11-03 19:00:00-05:00,9.06999969482422,9.229999542236328,8.65999984741211,8.729999542236328,149300.0,,,,,,,,,,
2024-11-04 19:00:00-05:00,8.6899995803833,8.8100004196167,8.220000267028809,8.319999694824219,186400.0,,,,,,,,,,
2024-11-05 19:00:00-05:00,8.510000228881836,8.6899995803833,8.119999885559082,8.579999923706055,188200.0,,,,,,,,,,
2024-11-06 19:00:00-05:00,8.630000114440918,8.930000305175781,8.600000381469727,8.609999656677246,114300.0,,,,,,,,,,
2024-11-07 19:00:00-05:00,8.59000015258789,8.699999809265137,8.0,8.15999984741211,279400.0,,,,,,,,,,
2024-11-10 19:00:00-05:00,8.0,8.210000038146973,7.300000190734863,7.650000095367432,605700.0,,,,,,,,,,
2024-11-11 19:00:00-05:00,7.760000228881836,7.800000190734863,7.320000171661377,7.539999961853027,181200.0,,,,,,,,,,
2024-11-12 19:00:00-05:00,7.550000190734863,7.769999980926514,7.360000133514404,7.409999847412109,145200.0,,,,,,,,,,
2024-11-13 19:00:00-05:00,7.519999980926514,7.519999980926514,6.849999904632568,6.96999979019165,245300.0,,,,,,,,,,
2024-11-14 19:00:00-05:00,7.099999904632568,7.119999885559082,6.679999828338623,6.840000152587891,255400.0,,,,,,,,,,
2024-11-17 19:00:00-05:00,6.929999828338623,6.96999979019165,6.710000038146973,6.820000171661377,98700.0,,,,,,,,,,
2024-11-18 19:00:00-05:00,6.71999979019165,6.880000114440918,6.630000114440918,6.679999828338623,139400.0,,,,,,,,,,
2024-11-19 19:00:00-05:00,6.659999847412109,6.840000152587891,6.429999828338623,6.539999961853027,289200.0,,,,,,,,,,
2024-11-20 19:00:00-05:00,6.53000020980835,6.889999866485596,6.369999885559082,6.789999961853027,151100.0,,,,,,,,,,
2024-11-21 19:00:00-05:00,6.849999904632568,6.949999809265137,6.619999885559082,6.650000095367432,154800.0,,,,,,,,,,
2024-11-24 19:00:00-05:00,6.800000190734863,7.519999980926514,6.760000228881836,7.070000171661377,379400.0,,,,,,,,,,
2024-11-25 19:00:00-05:00,7.090000152587891,7.099999904632568,6.449999809265137,6.559999942779541,271300.0,,,,,,,,,,
2024-11-26 19:00:00-05:00,6.710000038146973,6.75,6.360000133514404,6.539999961853027,178600.0,,,,,,,,,,
2024-11-28 19:00:00-05:00,6.5,6.75,6.5,6.710000038146973,67300.0,,,,,,,,,,
2024-12-01 19:00:00-05:00,6.75,7.389999866485596,6.75,7.28000020980835,408800.0,,,,,,,,,,
2024-12-02 19:00:00-05:00,7.170000076293945,7.21999979019165,6.340000152587891,6.389999866485596,474800.0,,,,,,,,,,
2024-12-03 19:00:00-05:00,6.539999961853027,6.610000133514404,5.940000057220459,5.980000019073486,441300.0,,,,,,,,,,
2024-12-04 19:00:00-05:00,5.96999979019165,6.170000076293945,5.75,5.820000171661377,333400.0,,,,,,,,,,
2024-12-05 19:00:00-05:00,5.989999771118164,6.25,5.78000020980835,6.0,259700.0,,,,,,,,,,
2024-12-08 19:00:00-05:00,6.0,6.150000095367432,5.71999979019165,5.730000019073486,222300.0,,,,,,,,,,
2024-12-09 19:00:00-05:00,5.800000190734863,5.889999866485596,5.539999961853027,5.659999847412109,284700.0,,,,,,,,,,
2024-12-10 19:00:00-05:00,5.71999979019165,6.0,5.239999771118164,5.960000038146973,422500.0,,,,,,,,,,
2024-12-11 19:00:00-05:00,6.050000190734863,6.369999885559082,5.519999980926514,5.559999942779541,414000.0,,,,,,,,,,
2024-12-12 19:00:00-05:00,5.519999980926514,5.599999904632568,5.199999809265137,5.309999942779541,306500.0,,,,,,,,,,
2024-12-15 19:00:00-05:00,5.25,5.360000133514404,5.0,5.0,410900.0,,,,,,,,,,
2024-12-16 19:00:00-05:00,5.03000020980835,5.199999809265137,4.760000228881836,5.110000133514404,320500.0,,,,,,,,,,
2024-12-17 19:00:00-05:00,5.110000133514404,5.210000038146973,4.659999847412109,4.710000038146973,359800.0,,,,,,,,,,
2024-12-18 19:00:00-05:00,4.619999885559082,4.699999809265137,4.380000114440918,4.400000095367432,404500.0,,,,,,,,,,
2024-12-19 19:00:00-05:00,4.460000038146973,4.53000020980835,4.300000190734863,4.369999885559082,330100.0,,,,,,,,,,
2024-12-22 19:00:00-05:00,4.449999809265137,4.5,4.210000038146973,4.460000038146973,220400.0,,,,,,,,,,
2024-12-23 19:00:00-05:00,4.429999828338623,5.110000133514404,4.380000114440918,5.010000228881836,281800.0,,,,,,,,,,
2024-12-25 19:00:00-05:00,5.170000076293945,5.25,4.860000133514404,5.159999847412109,330000.0,,,,,,,,,,
2024-12-26 19:00:00-05:00,5.199999809265137,5.340000152587891,5.03000020980835,5.269999980926514,318800.0,,,,,,,,,,
2024-12-27 00:00:00+00:00,,,,,,5.269999980926514,5.269999980926514,5.340000152587891,5.03000020980835,5.199999809265137,318800.0,,,,
