Date,Open,High,Low,Close,Volume,"('Adj Close', 'AVGO')","('Close', 'AVGO')","('High', 'AVGO')","('Low', 'AVGO')","('Open', 'AVGO')","('Volume', 'AVGO')","('EMA5', '')","('EMA21', '')","('EMA26', '')","('ATR50', '')"
2024-01-01 19:00:00-05:00,109.21199798583984,110.1999969482422,107.70899963378906,108.53800201416016,28831000.0,,,,,,,,,,
2024-01-02 19:00:00-05:00,107.0199966430664,107.5,105.53099822998048,105.85800170898438,34735000.0,,,,,,,,,,
2024-01-03 19:00:00-05:00,105.7959976196289,106.9499969482422,104.73699951171876,104.9010009765625,25658000.0,,,,,,,,,,
2024-01-04 19:00:00-05:00,105.16000366210938,105.5459976196289,104.1510009765625,104.9280014038086,22475000.0,,,,,,,,,,
2024-01-07 19:00:00-05:00,105.6500015258789,107.8000030517578,105.1999969482422,107.48500061035156,33110000.0,,,,,,,,,,
2024-01-08 19:00:00-05:00,106.56199645996094,108.8550033569336,106.47100067138672,108.2490005493164,23225000.0,,,,,,,,,,
2024-01-09 19:00:00-05:00,108.03500366210938,108.2959976196289,106.26000213623048,108.05699920654295,17643000.0,,,,,,,,,,
2024-01-10 19:00:00-05:00,108.43199920654295,110.12999725341795,107.45099639892578,109.9980010986328,25757000.0,,,,,,,,,,
2024-01-11 19:00:00-05:00,111.20999908447266,111.56900024414062,110.0009994506836,110.76799774169922,26882000.0,,,,,,,,,,
2024-01-15 19:00:00-05:00,111.23400115966795,112.6240005493164,109.86299896240234,111.49600219726562,26145000.0,,,,,,,,,,
2024-01-16 19:00:00-05:00,110.62899780273438,111.31099700927734,109.02100372314452,110.36699676513672,18314000.0,,,,,,,,,,
2024-01-17 19:00:00-05:00,112.48999786376952,114.65499877929688,112.18800354003906,114.39099884033205,32228000.0,,,,,,,,,,
2024-01-18 19:00:00-05:00,115.7310028076172,121.6999969482422,115.5999984741211,121.12000274658205,53077000.0,,,,,,,,,,
2024-01-21 19:00:00-05:00,121.625,123.13300323486328,120.8219985961914,122.0500030517578,31222000.0,,,,,,,,,,
2024-01-22 19:00:00-05:00,122.0999984741211,122.697998046875,120.35199737548828,122.63099670410156,16952000.0,,,,,,,,,,
2024-01-23 19:00:00-05:00,124.2300033569336,128.4550018310547,123.10099792480467,125.38700103759766,34805000.0,,,,,,,,,,
2024-01-24 19:00:00-05:00,128.10000610351562,128.10000610351562,122.87999725341795,123.0,36356000.0,,,,,,,,,,
2024-01-25 19:00:00-05:00,121.97000122070312,122.12100219726562,120.02300262451172,120.48799896240234,25818000.0,,,,,,,,,,
2024-01-28 19:00:00-05:00,121.49099731445312,122.36699676513672,120.4990005493164,121.7770004272461,21526000.0,,,,,,,,,,
2024-01-29 19:00:00-05:00,121.677001953125,122.8000030517578,120.4290008544922,120.81600189208984,20683000.0,,,,,,,,,,
2024-01-30 19:00:00-05:00,118.94499969482422,119.72200012207033,117.43099975585938,118.0,27400000.0,,,,,,,,,,
2024-01-31 19:00:00-05:00,118.73500061035156,120.30899810791016,117.91100311279295,120.0009994506836,19411000.0,,,,,,,,,,
2024-02-01 19:00:00-05:00,120.875,123.46900177001952,120.51499938964844,122.43399810791016,26689000.0,,,,,,,,,,
2024-02-04 19:00:00-05:00,122.6959991455078,124.7750015258789,122.21499633789062,124.30999755859376,22045000.0,,,,,,,,,,
2024-02-05 19:00:00-05:00,126.35700225830078,127.21099853515624,121.19400024414062,122.26499938964844,25354000.0,,,,,,,,,,
2024-02-06 19:00:00-05:00,123.4000015258789,125.95099639892578,122.66999816894533,125.70600128173828,25768000.0,,,,,,,,,,
2024-02-07 19:00:00-05:00,126.6999969482422,129.5970001220703,126.5009994506836,127.47599792480467,29326000.0,,,,,,,,,,
2024-02-08 19:00:00-05:00,125.2030029296875,128.5749969482422,124.89900207519533,128.343994140625,26293000.0,,,,,,,,,,
2024-02-11 19:00:00-05:00,129.00100708007812,129.0070037841797,125.9000015258789,126.5,24778000.0,,,,,,,,,,
2024-02-12 19:00:00-05:00,123.51200103759766,125.58699798583984,122.70899963378906,125.16500091552734,31907000.0,,,,,,,,,,
2024-02-13 19:00:00-05:00,126.92400360107422,127.3000030517578,124.13200378417967,126.22200012207033,27306000.0,,,,,,,,,,
2024-02-14 19:00:00-05:00,127.99500274658205,128.0,124.48500061035156,126.50700378417967,21873000.0,,,,,,,,,,
2024-02-15 19:00:00-05:00,125.90399932861328,127.56800079345705,124.23899841308594,124.5479965209961,21268000.0,,,,,,,,,,
2024-02-19 19:00:00-05:00,123.58599853515624,123.77200317382812,121.25599670410156,122.65499877929688,26329000.0,,,,,,,,,,
2024-02-20 19:00:00-05:00,121.8000030517578,122.80500030517578,120.26399993896484,122.74500274658205,20640000.0,,,,,,,,,,
2024-02-21 19:00:00-05:00,128.17100524902344,131.09800720214844,127.64700317382812,130.49000549316406,40819000.0,,,,,,,,,,
2024-02-22 19:00:00-05:00,130.83700561523438,131.96200561523438,128.8820037841797,129.63699340820312,23115000.0,,,,,,,,,,
2024-02-25 19:00:00-05:00,131.0,131.87899780273438,130.14599609375,130.91299438476562,16282000.0,,,,,,,,,,
2024-02-26 19:00:00-05:00,130.91299438476562,131.19400024414062,129.2220001220703,129.6230010986328,12126000.0,,,,,,,,,,
2024-02-27 19:00:00-05:00,129.3000030517578,129.8520050048828,128.2969970703125,128.94200134277344,10967000.0,,,,,,,,,,
2024-02-28 19:00:00-05:00,130.33099365234375,130.83999633789062,128.72799682617188,130.0489959716797,27536000.0,,,,,,,,,,
2024-02-29 19:00:00-05:00,132.59300231933594,140.7760009765625,132.0,139.91700744628906,44488000.0,,,,,,,,,,
2024-03-03 19:00:00-05:00,140.31500244140625,143.81700134277344,138.5189971923828,140.2259979248047,34854000.0,,,,,,,,,,
2024-03-04 19:00:00-05:00,139.5,139.5,133.23699951171875,134.27499389648438,36040000.0,,,,,,,,,,
2024-03-05 19:00:00-05:00,139.1580047607422,139.48300170898438,134.70599365234375,135.0,43196000.0,,,,,,,,,,
2024-03-06 19:00:00-05:00,138.19900512695312,141.43099975585938,137.28900146484375,140.7010040283203,62832000.0,,,,,,,,,,
2024-03-07 19:00:00-05:00,139.4250030517578,141.3000030517578,130.1580047607422,130.8719940185547,74025000.0,,,,,,,,,,
2024-03-10 20:00:00-04:00,127.79299926757812,129.90199279785156,125.25599670410156,129.31199645996094,31105000.0,,,,,,,,,,
2024-03-11 20:00:00-04:00,130.6999969482422,130.7790069580078,125.9280014038086,129.18800354003906,42789000.0,,,,,,,,,,
2024-03-12 20:00:00-04:00,128.28799438476562,128.28799438476562,125.23600006103516,125.78700256347656,37838000.0,,,,,,,,,,
2024-03-13 20:00:00-04:00,126.25399780273438,127.31300354003906,124.77100372314452,126.22699737548828,38029000.0,,,,,,,,,,
2024-03-14 20:00:00-04:00,125.34600067138672,126.73699951171876,123.00700378417967,123.5500030517578,88823000.0,,,,,,,,,,
2024-03-17 20:00:00-04:00,125.39800262451172,126.28800201416016,123.16999816894533,123.7239990234375,25737000.0,,,,,,,,,,
2024-03-18 20:00:00-04:00,121.69499969482422,124.0270004272461,120.4020004272461,123.8010025024414,24491000.0,,,,,,,,,,
2024-03-19 20:00:00-04:00,123.9020004272461,128.7989959716797,122.65899658203124,127.5999984741211,40946000.0,,,,,,,,,,
2024-03-20 20:00:00-04:00,132.83200073242188,140.36099243164062,131.60000610351562,134.8000030517578,72468000.0,,,,,,,,,,
2024-03-21 20:00:00-04:00,135.0,137.6219940185547,134.61500549316406,135.3470001220703,38624000.0,,,,,,,,,,
2024-03-24 20:00:00-04:00,134.5030059814453,135.843994140625,133.7469940185547,135.1580047607422,21237000.0,,,,,,,,,,
2024-03-25 20:00:00-04:00,136.468994140625,137.99400329589844,133.05099487304688,133.1490020751953,23522000.0,,,,,,,,,,
2024-03-26 20:00:00-04:00,135.0,135.0,129.6020050048828,131.8730010986328,25583000.0,,,,,,,,,,
2024-03-27 20:00:00-04:00,131.7899932861328,133.00900268554688,131.1529998779297,132.54100036621094,19856000.0,,,,,,,,,,
2024-03-31 20:00:00-04:00,132.5679931640625,136.29800415039062,132.54100036621094,135.0260009765625,17252000.0,,,,,,,,,,
2024-04-01 20:00:00-04:00,131.57899475097656,134.23699951171875,130.34100341796875,133.87600708007812,24694000.0,,,,,,,,,,
2024-04-02 20:00:00-04:00,132.8000030517578,137.6820068359375,132.52699279785156,136.3209991455078,28650000.0,,,,,,,,,,
2024-04-03 20:00:00-04:00,138.53199768066406,140.3979949951172,131.5,131.75,27014000.0,,,,,,,,,,
2024-04-04 20:00:00-04:00,132.60000610351562,136.1230010986328,131.4199981689453,133.9429931640625,19438000.0,,,,,,,,,,
2024-04-07 20:00:00-04:00,133.36500549316406,134.25,131.5749969482422,133.61000061035156,17139000.0,,,,,,,,,,
2024-04-08 20:00:00-04:00,135.73699951171875,135.947998046875,130.86399841308594,133.4080047607422,18008000.0,,,,,,,,,,
2024-04-09 20:00:00-04:00,132.3000030517578,133.5749969482422,131.54800415039062,132.23699951171875,17467000.0,,,,,,,,,,
2024-04-10 20:00:00-04:00,133.26800537109375,139.18699645996094,132.36500549316406,138.24600219726562,31713000.0,,,,,,,,,,
2024-04-11 20:00:00-04:00,135.2010040283203,136.6510009765625,133.66200256347656,134.40699768066406,27823000.0,,,,,,,,,,
2024-04-14 20:00:00-04:00,137.0,137.0,130.60000610351562,131.06900024414062,24370000.0,,,,,,,,,,
2024-04-15 20:00:00-04:00,131.53799438476562,133.6320037841797,131.10000610351562,132.906005859375,18923000.0,,,,,,,,,,
2024-04-16 20:00:00-04:00,134.31100463867188,134.6999969482422,128.14199829101562,128.26300048828125,24718000.0,,,,,,,,,,
2024-04-17 20:00:00-04:00,128.8000030517578,129.26499938964844,125.5459976196289,125.89900207519533,24888000.0,,,,,,,,,,
2024-04-18 20:00:00-04:00,125.89900207519533,126.0,119.75599670410156,120.47100067138672,44797000.0,,,,,,,,,,
2024-04-21 20:00:00-04:00,122.4499969482422,123.31999969482422,120.0540008544922,122.4459991455078,25162000.0,,,,,,,,,,
2024-04-22 20:00:00-04:00,122.81700134277344,125.79000091552734,122.802001953125,124.91899871826172,22025000.0,,,,,,,,,,
2024-04-23 20:00:00-04:00,126.38999938964844,128.56199645996094,124.49600219726562,125.68199920654295,20108000.0,,,,,,,,,,
2024-04-24 20:00:00-04:00,127.24500274658205,130.80299377441406,125.6999969482422,129.44200134277344,30410000.0,,,,,,,,,,
2024-04-25 20:00:00-04:00,131.0,135.58299255371094,130.31300354003906,134.40699768066406,24100000.0,,,,,,,,,,
2024-04-28 20:00:00-04:00,134.4080047607422,135.29800415039062,132.57000732421875,133.86199951171875,13372000.0,,,,,,,,,,
2024-04-29 20:00:00-04:00,132.88800048828125,134.8350067138672,129.90499877929688,130.02699279785156,22113000.0,,,,,,,,,,
2024-04-30 20:00:00-04:00,127.83300018310548,129.23699951171875,124.13500213623048,124.28600311279295,30958000.0,,,,,,,,,,
2024-05-01 20:00:00-04:00,125.62799835205078,126.44499969482422,122.33100128173828,123.85700225830078,29480000.0,,,,,,,,,,
2024-05-02 20:00:00-04:00,125.9000015258789,128.38800048828125,124.71399688720705,127.81099700927734,24898000.0,,,,,,,,,,
2024-05-05 20:00:00-04:00,128.6219940185547,131.07699584960938,127.50700378417967,131.031005859375,16287000.0,,,,,,,,,,
2024-05-06 20:00:00-04:00,131.6439971923828,131.8990020751953,129.67599487304688,130.31100463867188,12413000.0,,,,,,,,,,
2024-05-07 20:00:00-04:00,129.35000610351562,133.79100036621094,128.8489990234375,132.53700256347656,13918000.0,,,,,,,,,,
2024-05-08 20:00:00-04:00,131.7830047607422,132.16099548339844,130.1999969482422,130.56700134277344,12170000.0,,,,,,,,,,
2024-05-09 20:00:00-04:00,131.531005859375,134.39999389648438,131.531005859375,133.27999877929688,16300000.0,,,,,,,,,,
2024-05-12 20:00:00-04:00,134.8000030517578,135.83900451660156,133.01100158691406,133.75100708007812,18507000.0,,,,,,,,,,
2024-05-13 20:00:00-04:00,133.23399353027344,138.19900512695312,132.5800018310547,138.0030059814453,19420000.0,,,,,,,,,,
2024-05-14 20:00:00-04:00,138.0,143.89500427246094,136.9980010986328,143.61700439453125,32757000.0,,,,,,,,,,
2024-05-15 20:00:00-04:00,142.60000610351562,144.5399932861328,140.50599670410156,141.21299743652344,28395000.0,,,,,,,,,,
2024-05-16 20:00:00-04:00,141.24200439453125,141.9530029296875,138.17799377441406,139.5290069580078,18174000.0,,,,,,,,,,
2024-05-19 20:00:00-04:00,139.60000610351562,141.69400024414062,139.3159942626953,141.4029998779297,27170000.0,,,,,,,,,,
2024-05-20 20:00:00-04:00,139.8679962158203,140.93899536132812,139.3459930419922,139.9199981689453,15333000.0,,,,,,,,,,
2024-05-21 20:00:00-04:00,139.6009979248047,140.5,138.4219970703125,139.2239990234375,21002000.0,,,,,,,,,,
2024-05-22 20:00:00-04:00,142.84300231933594,142.89999389648438,137.8000030517578,139.32899475097656,31039000.0,,,,,,,,,,
2024-05-23 20:00:00-04:00,139.97900390625,141.35800170898438,139.20199584960938,140.78399658203125,16730000.0,,,,,,,,,,
2024-05-27 20:00:00-04:00,141.0,141.71800231933594,139.25399780273438,141.2449951171875,22919000.0,,,,,,,,,,
2024-05-28 20:00:00-04:00,139.91000366210938,139.91000366210938,138.3000030517578,139.06700134277344,26861000.0,,,,,,,,,,
2024-05-29 20:00:00-04:00,137.89999389648438,138.2779998779297,135.56399536132812,136.4080047607422,21728000.0,,,,,,,,,,
2024-05-30 20:00:00-04:00,136.13600158691406,136.2550048828125,130.7259979248047,132.85499572753906,73091000.0,,,,,,,,,,
2024-06-02 20:00:00-04:00,135.27000427246094,135.3000030517578,130.2530059814453,132.19000244140625,26278000.0,,,,,,,,,,
2024-06-03 20:00:00-04:00,132.0399932861328,133.19900512695312,130.7010040283203,133.08200073242188,23048000.0,,,,,,,,,,
2024-06-04 20:00:00-04:00,134.60000610351562,141.43499755859375,134.0540008544922,141.3090057373047,32947000.0,,,,,,,,,,
2024-06-05 20:00:00-04:00,142.18699645996094,142.2689971923828,138.82400512695312,140.1269989013672,20172000.0,,,,,,,,,,
2024-06-06 20:00:00-04:00,140.7779998779297,142.5,139.70199584960938,140.66400146484375,17859000.0,,,,,,,,,,
2024-06-09 20:00:00-04:00,140.97999572753906,144.90499877929688,140.91299438476562,144.0469970703125,31082000.0,,,,,,,,,,
2024-06-10 20:00:00-04:00,143.82000732421875,146.50100708007812,141.6230010986328,146.10299682617188,34844000.0,,,,,,,,,,
2024-06-11 20:00:00-04:00,150.0,150.5800018310547,147.63999938964844,149.55099487304688,56697000.0,,,,,,,,,,
2024-06-12 20:00:00-04:00,171.0,173.5850067138672,165.2519989013672,167.8990020751953,89061000.0,,,,,,,,,,
2024-06-13 20:00:00-04:00,168.68600463867188,174.7239990234375,168.2100067138672,173.50399780273438,69705000.0,,,,,,,,,,
2024-06-16 20:00:00-04:00,180.0,184.3000030517578,177.85800170898438,182.88699340820312,87528000.0,,,,,,,,,,
2024-06-17 20:00:00-04:00,183.95899963378903,185.16200256347656,178.50100708007812,180.2519989013672,86797000.0,,,,,,,,,,
2024-06-19 20:00:00-04:00,180.3459930419922,180.4750061035156,172.2220001220703,173.45599365234375,68157000.0,,,,,,,,,,
2024-06-20 20:00:00-04:00,169.5659942626953,171.39999389648438,165.14199829101562,165.86300659179688,99999000.0,,,,,,,,,,
2024-06-23 20:00:00-04:00,164.2050018310547,166.10000610351562,159.0659942626953,159.2209930419922,58575000.0,,,,,,,,,,
2024-06-24 20:00:00-04:00,160.01300048828125,160.60400390625,156.39999389648438,158.07899475097656,56810000.0,,,,,,,,,,
2024-06-25 20:00:00-04:00,159.76199340820312,161.8179931640625,157.35899353027344,159.1999969482422,46479000.0,,,,,,,,,,
2024-06-26 20:00:00-04:00,159.1999969482422,160.56199645996094,157.10000610351562,158.66600036621094,31649000.0,,,,,,,,,,
2024-06-27 20:00:00-04:00,159.58799743652344,163.92300415039062,158.60000610351562,160.55299377441406,69377000.0,,,,,,,,,,
2024-06-30 20:00:00-04:00,160.82000732421875,164.875,159.35000610351562,164.0800018310547,47623000.0,,,,,,,,,,
2024-07-01 20:00:00-04:00,164.0800018310547,165.9199981689453,162.1999969482422,165.7480010986328,32539000.0,,,,,,,,,,
2024-07-02 20:00:00-04:00,167.0,172.9219970703125,166.4459991455078,172.9219970703125,39954000.0,,,,,,,,,,
2024-07-04 20:00:00-04:00,175.55599975585938,176.5469970703125,169.60000610351562,170.33099365234375,45240000.0,,,,,,,,,,
2024-07-07 20:00:00-04:00,170.5,175.69000244140625,170.5,174.58599853515625,36398000.0,,,,,,,,,,
2024-07-08 20:00:00-04:00,175.656005859375,177.09800720214844,170.55599975585938,173.33099365234375,37802000.0,,,,,,,,,,
2024-07-09 20:00:00-04:00,174.60000610351562,176.6490020751953,172.63600158691406,174.468994140625,41074000.0,,,,,,,,,,
2024-07-10 20:00:00-04:00,176.46600341796875,176.48699951171875,166.85000610351562,170.59500122070312,51026000.0,,,,,,,,,,
2024-07-11 20:00:00-04:00,171.10299682617188,172.59100341796875,169.13099670410156,170.06700134277344,30453000.0,,,,,,,,,,
2024-07-14 20:00:00-04:00,170.0,173.50999450683594,169.25999450683594,171.4199981689453,22999200.0,,,,,,,,,,
2024-07-15 20:00:00-04:00,172.39999389648438,172.80999755859375,166.39999389648438,169.3800048828125,22244900.0,,,,,,,,,,
2024-07-16 20:00:00-04:00,162.30999755859375,162.83999633789062,155.61000061035156,155.97999572753906,43343400.0,,,,,,,,,,
2024-07-17 20:00:00-04:00,158.88999938964844,161.50999450683594,153.89999389648438,160.52000427246094,37973500.0,,,,,,,,,,
2024-07-18 20:00:00-04:00,161.83999633789062,163.9499969482422,157.1199951171875,157.35000610351562,26309500.0,,,,,,,,,,
2024-07-21 20:00:00-04:00,160.22999572753906,162.99000549316406,157.89999389648438,161.05999755859375,28813300.0,,,,,,,,,,
2024-07-22 20:00:00-04:00,160.39999389648438,165.3300018310547,159.89999389648438,163.77000427246094,21570200.0,,,,,,,,,,
2024-07-23 20:00:00-04:00,160.35000610351562,161.41000366210938,151.10000610351562,151.33999633789062,37162600.0,,,,,,,,,,
2024-07-24 20:00:00-04:00,151.25999450683594,153.5500030517578,145.52000427246094,149.25999450683594,30872100.0,,,,,,,,,,
2024-07-25 20:00:00-04:00,153.5,153.5800018310547,149.9199981689453,151.6300048828125,20839900.0,,,,,,,,,,
2024-07-28 20:00:00-04:00,152.02000427246094,155.0,149.14999389648438,150.22000122070312,16625800.0,,,,,,,,,,
2024-07-29 20:00:00-04:00,153.27999877929688,153.47000122070312,143.35000610351562,143.52000427246094,31102300.0,,,,,,,,,,
2024-07-30 20:00:00-04:00,151.47000122070312,161.3300018310547,151.0,160.67999267578125,45827500.0,,,,,,,,,,
2024-07-31 20:00:00-04:00,157.5,158.91000366210938,146.1699981689453,147.02000427246094,40320000.0,,,,,,,,,,
2024-08-01 20:00:00-04:00,141.92999267578125,145.35000610351562,139.60000610351562,143.82000732421875,33745800.0,,,,,,,,,,
2024-08-04 20:00:00-04:00,129.61000061035156,145.4199981689453,128.5,142.0800018310547,41309300.0,,,,,,,,,,
2024-08-05 20:00:00-04:00,141.72999572753906,148.91000366210938,140.25,143.9199981689453,24751300.0,,,,,,,,,,
2024-08-06 20:00:00-04:00,148.25,150.10000610351562,135.8300018310547,136.27000427246094,29749800.0,,,,,,,,,,
2024-08-07 20:00:00-04:00,141.1999969482422,146.27000427246094,138.39999389648438,145.74000549316406,27583200.0,,,,,,,,,,
2024-08-08 20:00:00-04:00,144.1999969482422,149.5500030517578,144.11000061035156,148.25999450683594,18438700.0,,,,,,,,,,
2024-08-11 20:00:00-04:00,148.0800018310547,151.1300048828125,146.3699951171875,148.6199951171875,17778500.0,,,,,,,,,,
2024-08-12 20:00:00-04:00,151.5500030517578,156.3800048828125,149.80999755859375,156.16000366210938,22053600.0,,,,,,,,,,
2024-08-13 20:00:00-04:00,158.02000427246094,160.25,154.72000122070312,157.69000244140625,20184200.0,,,,,,,,,,
2024-08-14 20:00:00-04:00,161.1999969482422,166.6699981689453,160.33999633789062,166.1300048828125,27945000.0,,,,,,,,,,
2024-08-15 20:00:00-04:00,164.47000122070312,166.08999633789062,162.67999267578125,165.72000122070312,19296900.0,,,,,,,,,,
2024-08-18 20:00:00-04:00,164.86000061035156,167.8300018310547,160.4199981689453,167.7100067138672,20441700.0,,,,,,,,,,
2024-08-19 20:00:00-04:00,167.0500030517578,168.3699951171875,164.14999389648438,165.9499969482422,19417500.0,,,,,,,,,,
2024-08-20 20:00:00-04:00,165.1199951171875,166.47000122070312,162.8800048828125,165.77999877929688,16097700.0,,,,,,,,,,
2024-08-21 20:00:00-04:00,170.83999633789062,172.4199981689453,161.49000549316406,162.33999633789062,30044500.0,,,,,,,,,,
2024-08-22 20:00:00-04:00,165.02999877929688,168.27999877929688,163.4600067138672,166.36000061035156,18848000.0,,,,,,,,,,
2024-08-25 20:00:00-04:00,164.9600067138672,165.6999969482422,158.66000366210938,159.6199951171875,18521200.0,,,,,,,,,,
2024-08-26 20:00:00-04:00,157.60000610351562,162.02999877929688,155.8300018310547,161.38999938964844,16683100.0,,,,,,,,,,
2024-08-27 20:00:00-04:00,160.0800018310547,162.27999877929688,156.25,158.17999267578125,18063600.0,,,,,,,,,,
2024-08-28 20:00:00-04:00,158.49000549316406,163.1999969482422,155.41000366210938,156.92999267578125,23519300.0,,,,,,,,,,
2024-08-29 20:00:00-04:00,161.1199951171875,163.24000549316406,158.7100067138672,162.82000732421875,25158500.0,,,,,,,,,,
2024-09-02 20:00:00-04:00,160.3800048828125,160.74000549316406,151.3800048828125,152.7899932861328,37179100.0,,,,,,,,,,
2024-09-03 20:00:00-04:00,150.3000030517578,157.7899932861328,149.14999389648438,154.1199951171875,20324100.0,,,,,,,,,,
2024-09-04 20:00:00-04:00,150.57000732421875,156.36000061035156,150.11000061035156,152.82000732421875,31548500.0,,,,,,,,,,
2024-09-05 20:00:00-04:00,143.25,143.5,136.60000610351562,137.0,76634600.0,,,,,,,,,,
2024-09-08 20:00:00-04:00,139.11000061035156,141.58999633789062,134.89999389648438,140.82000732421875,39516700.0,,,,,,,,,,
2024-09-09 20:00:00-04:00,141.22000122070312,149.86000061035156,141.0399932861328,148.2100067138672,36067500.0,,,,,,,,,,
2024-09-10 20:00:00-04:00,148.38999938964844,158.8699951171875,145.0399932861328,158.27000427246094,39700800.0,,,,,,,,,,
2024-09-11 20:00:00-04:00,158.10000610351562,166.32000732421875,156.8300018310547,164.55999755859375,43581900.0,,,,,,,,,,
2024-09-12 20:00:00-04:00,166.74000549316406,168.0800018310547,164.0399932861328,167.69000244140625,29850000.0,,,,,,,,,,
2024-09-15 20:00:00-04:00,165.19000244140625,165.5,160.41000366210938,164.02000427246094,26126900.0,,,,,,,,,,
2024-09-16 20:00:00-04:00,165.49000549316406,166.02000427246094,160.6999969482422,162.47000122070312,19844300.0,,,,,,,,,,
2024-09-17 20:00:00-04:00,163.77000427246094,167.47000122070312,161.36000061035156,161.6699981689453,26557600.0,,,,,,,,,,
2024-09-18 20:00:00-04:00,167.67999267578125,170.0,165.66000366210938,167.4199981689453,32453100.0,,,,,,,,,,
2024-09-19 20:00:00-04:00,167.17999267578125,172.02000427246094,166.47000122070312,171.10000610351562,91758500.0,,,,,,,,,,
2024-09-22 20:00:00-04:00,172.0,173.32000732421875,168.35000610351562,172.94000244140625,29431100.0,,,,,,,,,,
2024-09-23 20:00:00-04:00,172.80999755859375,175.99000549316406,171.67999267578125,174.83999633789062,34223400.0,,,,,,,,,,
2024-09-24 20:00:00-04:00,174.64999389648438,177.13999938964844,173.75999450683594,175.52000427246094,16613800.0,,,,,,,,,,
2024-09-25 20:00:00-04:00,178.5,180.25,175.0,178.08999633789062,24340000.0,,,,,,,,,,
2024-09-26 20:00:00-04:00,178.1699981689453,178.47000122070312,171.75999450683594,172.69000244140625,20580900.0,,,,,,,,,,
2024-09-29 20:00:00-04:00,171.8699951171875,172.9199981689453,169.6300048828125,172.5,16902000.0,,,,,,,,,,
2024-09-30 20:00:00-04:00,172.16000366210938,172.25,165.8000030517578,167.47000122070312,23770400.0,,,,,,,,,,
2024-10-01 20:00:00-04:00,167.5500030517578,172.83999633789062,167.02000427246094,170.66000366210938,14317800.0,,,,,,,,,,
2024-10-02 20:00:00-04:00,169.6199951171875,174.94000244140625,169.19000244140625,171.88999938964844,13072300.0,,,,,,,,,,
2024-10-03 20:00:00-04:00,176.3000030517578,176.89999389648438,172.60000610351562,176.63999938964844,17921400.0,,,,,,,,,,
2024-10-06 20:00:00-04:00,174.82000732421875,178.30999755859375,173.86000061035156,175.0800018310547,15588300.0,,,,,,,,,,
2024-10-07 20:00:00-04:00,175.4199981689453,181.6000061035156,174.88999938964844,180.72999572753903,20774200.0,,,,,,,,,,
2024-10-08 20:00:00-04:00,179.24000549316406,186.4199981689453,176.4199981689453,185.9499969482422,25504100.0,,,,,,,,,,
2024-10-09 20:00:00-04:00,183.55999755859372,186.30999755859372,182.52999877929688,185.69000244140625,16318000.0,,,,,,,,,,
2024-10-10 20:00:00-04:00,181.13999938964844,182.58999633789065,177.39999389648438,181.47999572753903,23070000.0,,,,,,,,,,
2024-10-13 20:00:00-04:00,183.3000030517578,184.9499969482422,180.1300048828125,182.30999755859372,17195800.0,,,,,,,,,,
2024-10-14 20:00:00-04:00,180.7899932861328,181.6999969482422,173.3699951171875,175.97999572753906,27657500.0,,,,,,,,,,
2024-10-15 20:00:00-04:00,178.50999450683594,179.25,175.3300018310547,176.82000732421875,15285100.0,,,,,,,,,,
2024-10-16 20:00:00-04:00,181.3699951171875,185.50999450683597,180.69000244140625,181.52999877929688,25232400.0,,,,,,,,,,
2024-10-17 20:00:00-04:00,182.32000732421875,182.7100067138672,178.67999267578125,179.88999938964844,17835200.0,,,,,,,,,,
2024-10-20 20:00:00-04:00,179.3800048828125,181.72000122070312,178.25,179.99000549316406,13695100.0,,,,,,,,,,
2024-10-21 20:00:00-04:00,178.66000366210938,180.69000244140625,177.41000366210938,179.3800048828125,12062600.0,,,,,,,,,,
2024-10-22 20:00:00-04:00,177.58999633789062,178.97999572753906,172.57000732421875,173.50999450683594,19513700.0,,,,,,,,,,
2024-10-23 20:00:00-04:00,174.25999450683594,174.3000030517578,169.5,171.35000610351562,20485200.0,,,,,,,,,,
2024-10-24 20:00:00-04:00,174.19000244140625,176.8000030517578,172.72000122070312,173.0,19977700.0,,,,,,,,,,
2024-10-27 20:00:00-04:00,173.0,173.97000122070312,171.35000610351562,172.02000427246094,13195800.0,,,,,,,,,,
2024-10-28 20:00:00-04:00,172.44000244140625,180.22999572753903,171.2100067138672,179.24000549316406,23702300.0,,,,,,,,,,
2024-10-29 20:00:00-04:00,177.47000122070312,179.19000244140625,175.6199951171875,176.63999938964844,17911500.0,,,,,,,,,,
2024-10-30 20:00:00-04:00,174.4499969482422,174.4499969482422,167.3800048828125,169.77000427246094,26086600.0,,,,,,,,,,
2024-10-31 20:00:00-04:00,168.25999450683594,171.3300018310547,167.5,168.9199981689453,17847000.0,,,,,,,,,,
2024-11-03 19:00:00-05:00,169.27999877929688,172.4499969482422,168.4199981689453,168.5500030517578,13621300.0,,,,,,,,,,
2024-11-04 19:00:00-05:00,170.0500030517578,174.39999389648438,170.0500030517578,173.89999389648438,13441800.0,,,,,,,,,,
2024-11-05 19:00:00-05:00,179.6300048828125,180.2100067138672,175.9600067138672,179.5500030517578,24300800.0,,,,,,,,,,
2024-11-06 19:00:00-05:00,181.9900054931641,184.8699951171875,181.7899932861328,183.80999755859372,18970600.0,,,,,,,,,,
2024-11-07 19:00:00-05:00,182.9900054931641,185.0500030517578,181.8300018310547,183.63999938964844,13503200.0,,,,,,,,,,
2024-11-10 19:00:00-05:00,183.3999938964844,183.6300048828125,176.82000732421875,178.91000366210938,17036700.0,,,,,,,,,,
2024-11-11 19:00:00-05:00,178.89999389648438,179.55999755859375,173.1999969482422,176.22000122070312,15862000.0,,,,,,,,,,
2024-11-12 19:00:00-05:00,174.7100067138672,175.58999633789062,172.60000610351562,173.5800018310547,17472500.0,,,,,,,,,,
2024-11-13 19:00:00-05:00,174.77000427246094,175.57000732421875,169.8699951171875,170.3800048828125,20638900.0,,,,,,,,,,
2024-11-14 19:00:00-05:00,168.47000122070312,169.13999938964844,163.42999267578125,164.83999633789062,20836200.0,,,,,,,,,,
2024-11-17 19:00:00-05:00,165.66000366210938,166.35000610351562,162.22000122070312,165.6699981689453,17870300.0,,,,,,,,,,
2024-11-18 19:00:00-05:00,166.66000366210938,166.8000030517578,164.30999755859375,165.35000610351562,18003400.0,,,,,,,,,,
2024-11-19 19:00:00-05:00,165.5399932861328,165.5399932861328,160.86000061035156,163.25,17196700.0,,,,,,,,,,
2024-11-20 19:00:00-05:00,166.25,166.33999633789062,160.60000610351562,163.94000244140625,24835300.0,,,,,,,,,,
2024-11-21 19:00:00-05:00,164.3000030517578,164.91000366210938,162.39999389648438,164.22999572753906,17332500.0,,,,,,,,,,
2024-11-24 19:00:00-05:00,165.39999389648438,167.22999572753906,162.88999938964844,164.82000732421875,26850600.0,,,,,,,,,,
2024-11-25 19:00:00-05:00,164.60000610351562,166.3699951171875,162.69000244140625,164.74000549316406,16308800.0,,,,,,,,,,
2024-11-26 19:00:00-05:00,163.1999969482422,163.1999969482422,157.5399932861328,159.6699981689453,19722700.0,,,,,,,,,,
2024-11-28 19:00:00-05:00,159.57000732421875,162.69000244140625,159.0800018310547,162.0800018310547,11024000.0,,,,,,,,,,
2024-12-01 19:00:00-05:00,162.9499969482422,168.3800048828125,162.75,166.50999450683594,21472400.0,,,,,,,,,,
2024-12-02 19:00:00-05:00,164.47999572753906,168.27000427246094,164.02999877929688,168.14999389648438,17024400.0,,,,,,,,,,
2024-12-03 19:00:00-05:00,173.44000244140625,175.38999938964844,168.55999755859375,170.55999755859375,32748200.0,,,,,,,,,,
2024-12-04 19:00:00-05:00,170.75,172.39999389648438,169.1999969482422,170.47000122070312,18490000.0,,,,,,,,,,
2024-12-05 19:00:00-05:00,170.10000610351562,180.67999267578125,169.3300018310547,179.52999877929688,27830800.0,,,,,,,,,,
2024-12-08 19:00:00-05:00,178.9499969482422,180.7899932861328,176.02000427246094,178.94000244140625,20886300.0,,,,,,,,,,
2024-12-09 19:00:00-05:00,177.80999755859375,178.5,169.72999572753906,171.80999755859375,27762600.0,,,,,,,,,,
2024-12-10 19:00:00-05:00,180.00999450683594,184.8699951171875,176.42999267578125,183.1999969482422,41295200.0,,,,,,,,,,
2024-12-11 19:00:00-05:00,180.92999267578125,182.0,175.99000549316406,180.66000366210935,46967200.0,,,,,,,,,,
2024-12-12 19:00:00-05:00,213.8999938964844,228.6999969482422,211.1100006103516,224.8000030517578,121336600.0,,,,,,,,,,
2024-12-15 19:00:00-05:00,231.7899932861328,251.8800048828125,230.80999755859372,250.0,111623200.0,,,,,,,,,,
2024-12-16 19:00:00-05:00,240.6499938964844,242.47000122070312,233.8000030517578,240.22999572753903,70382100.0,,,,,,,,,,
2024-12-17 19:00:00-05:00,239.41000366210935,239.8500061035156,219.22000122070312,223.6199951171875,53960100.0,,,,,,,,,,
2024-12-18 19:00:00-05:00,227.91000366210935,228.0500030517578,217.5800018310547,218.32000732421875,40845200.0,,,,,,,,,,
2024-12-19 19:00:00-05:00,220.3600006103516,230.2899932861328,218.91000366210935,220.7899932861328,131910400.0,,,,,,,,,,
2024-12-22 19:00:00-05:00,226.69000244140625,233.3999938964844,225.1300048828125,232.3500061035156,40643800.0,,,,,,,,,,
2024-12-23 19:00:00-05:00,240.1199951171875,240.22999572753903,234.8000030517578,239.67999267578125,22827200.0,,,,,,,,,,
2024-12-25 19:00:00-05:00,240.0,247.27999877929688,237.6000061035156,245.3600006103516,28459000.0,,,,,,,,,,
2024-12-26 19:00:00-05:00,245.63999938964844,245.77999877929688,236.3500061035156,241.75,29231800.0,,,,,,,,,,
2024-12-27 00:00:00+00:00,,,,,,241.75,241.75,245.77999877929688,236.35000610351562,245.63999938964844,29231800.0,,,,
