Date,Open,High,Low,Close,Volume,"('Adj Close', 'BBIO')","('Close', 'BBIO')","('High', 'BBIO')","('Low', 'BBIO')","('Open', 'BBIO')","('Volume', 'BBIO')","('EMA5', '')","('EMA21', '')","('EMA26', '')","('ATR50', '')"
2024-01-01 19:00:00-05:00,39.77000045776367,40.970001220703125,39.41999816894531,40.45000076293945,1756000.0,,,,,,,,,,
2024-01-02 19:00:00-05:00,39.5,39.97999954223633,37.77999877929688,37.84999847412109,2738100.0,,,,,,,,,,
2024-01-03 19:00:00-05:00,38.02000045776367,38.4900016784668,36.560001373291016,36.91999816894531,3141000.0,,,,,,,,,,
2024-01-04 19:00:00-05:00,36.33000183105469,37.83000183105469,35.970001220703125,37.68999862670898,1556700.0,,,,,,,,,,
2024-01-07 19:00:00-05:00,37.40999984741211,39.130001068115234,36.5,38.7400016784668,1711700.0,,,,,,,,,,
2024-01-08 19:00:00-05:00,37.81999969482422,40.33000183105469,37.81999969482422,39.72999954223633,1607100.0,,,,,,,,,,
2024-01-09 19:00:00-05:00,39.72999954223633,40.59999847412109,39.459999084472656,39.900001525878906,1767400.0,,,,,,,,,,
2024-01-10 19:00:00-05:00,39.34000015258789,39.37200164794922,37.33000183105469,39.220001220703125,1874200.0,,,,,,,,,,
2024-01-11 19:00:00-05:00,39.93999862670898,40.41999816894531,38.05500030517578,38.70000076293945,1426900.0,,,,,,,,,,
2024-01-15 19:00:00-05:00,37.970001220703125,38.02999877929688,36.84000015258789,37.58000183105469,1344200.0,,,,,,,,,,
2024-01-16 19:00:00-05:00,36.56999969482422,37.29999923706055,36.2599983215332,36.90999984741211,1193800.0,,,,,,,,,,
2024-01-17 19:00:00-05:00,37.56999969482422,40.650001525878906,36.31999969482422,37.560001373291016,4264800.0,,,,,,,,,,
2024-01-18 19:00:00-05:00,37.560001373291016,37.68000030517578,36.02000045776367,36.63999938964844,1402300.0,,,,,,,,,,
2024-01-21 19:00:00-05:00,37.22999954223633,38.650001525878906,36.81999969482422,38.040000915527344,3481100.0,,,,,,,,,,
2024-01-22 19:00:00-05:00,38.5099983215332,38.7400016784668,35.869998931884766,37.130001068115234,2003300.0,,,,,,,,,,
2024-01-23 19:00:00-05:00,37.84000015258789,37.84000015258789,36.125,36.2400016784668,1124500.0,,,,,,,,,,
2024-01-24 19:00:00-05:00,36.93000030517578,37.21699905395508,35.63999938964844,36.06999969482422,1599000.0,,,,,,,,,,
2024-01-25 19:00:00-05:00,36.310001373291016,36.54499816894531,35.540000915527344,35.939998626708984,646300.0,,,,,,,,,,
2024-01-28 19:00:00-05:00,36.43999862670898,37.869998931884766,35.560001373291016,37.84000015258789,1272700.0,,,,,,,,,,
2024-01-29 19:00:00-05:00,37.400001525878906,37.79999923706055,35.779998779296875,36.09000015258789,1714700.0,,,,,,,,,,
2024-01-30 19:00:00-05:00,35.540000915527344,36.2599983215332,34.220001220703125,34.290000915527344,2183800.0,,,,,,,,,,
2024-01-31 19:00:00-05:00,34.439998626708984,34.61000061035156,33.209999084472656,33.310001373291016,1536100.0,,,,,,,,,,
2024-02-01 19:00:00-05:00,32.84000015258789,34.650001525878906,32.540000915527344,33.90999984741211,1664200.0,,,,,,,,,,
2024-02-04 19:00:00-05:00,33.5,33.97999954223633,33.040000915527344,33.630001068115234,1075200.0,,,,,,,,,,
2024-02-05 19:00:00-05:00,33.58000183105469,34.2599983215332,33.279998779296875,34.02000045776367,2147700.0,,,,,,,,,,
2024-02-06 19:00:00-05:00,34.02000045776367,34.375,32.93000030517578,33.77000045776367,1628000.0,,,,,,,,,,
2024-02-07 19:00:00-05:00,34.029998779296875,34.18000030517578,32.849998474121094,32.959999084472656,1066900.0,,,,,,,,,,
2024-02-08 19:00:00-05:00,33.18000030517578,34.810001373291016,33.18000030517578,34.470001220703125,1443800.0,,,,,,,,,,
2024-02-11 19:00:00-05:00,34.380001068115234,35.880001068115234,34.22999954223633,35.650001525878906,1411500.0,,,,,,,,,,
2024-02-12 19:00:00-05:00,33.70000076293945,35.08000183105469,33.13999938964844,33.56999969482422,1560000.0,,,,,,,,,,
2024-02-13 19:00:00-05:00,34.38999938964844,35.0099983215332,33.935001373291016,34.369998931884766,1172200.0,,,,,,,,,,
2024-02-14 19:00:00-05:00,37.75,41.040000915527344,37.5,39.22999954223633,4124000.0,,,,,,,,,,
2024-02-15 19:00:00-05:00,38.56999969482422,38.810001373291016,37.0,37.209999084472656,1409100.0,,,,,,,,,,
2024-02-19 19:00:00-05:00,37.0,37.81499862670898,35.13999938964844,35.95000076293945,1666700.0,,,,,,,,,,
2024-02-20 19:00:00-05:00,35.189998626708984,35.619998931884766,33.560001373291016,34.15999984741211,1543500.0,,,,,,,,,,
2024-02-21 19:00:00-05:00,33.97999954223633,34.95500183105469,33.13999938964844,33.599998474121094,1840100.0,,,,,,,,,,
2024-02-22 19:00:00-05:00,34.349998474121094,34.689998626708984,33.430999755859375,34.0,1149600.0,,,,,,,,,,
2024-02-25 19:00:00-05:00,33.790000915527344,35.029998779296875,33.65999984741211,34.869998931884766,1147400.0,,,,,,,,,,
2024-02-26 19:00:00-05:00,35.4900016784668,37.0,35.11000061035156,35.72999954223633,1308700.0,,,,,,,,,,
2024-02-27 19:00:00-05:00,35.130001068115234,36.08000183105469,35.11000061035156,35.290000915527344,928500.0,,,,,,,,,,
2024-02-28 19:00:00-05:00,36.02999877929688,36.38999938964844,33.88999938964844,34.150001525878906,1745300.0,,,,,,,,,,
2024-02-29 19:00:00-05:00,34.0,36.40999984741211,34.0,35.630001068115234,1330000.0,,,,,,,,,,
2024-03-03 19:00:00-05:00,35.959999084472656,35.9900016784668,31.920000076293945,32.35499954223633,3240600.0,,,,,,,,,,
2024-03-04 19:00:00-05:00,31.604999542236328,31.799999237060547,29.21999931335449,29.600000381469727,3862300.0,,,,,,,,,,
2024-03-05 19:00:00-05:00,30.299999237060547,31.01000022888184,29.049999237060547,29.450000762939453,4750800.0,,,,,,,,,,
2024-03-06 19:00:00-05:00,29.51000022888184,30.142000198364254,29.399999618530277,30.0,1860300.0,,,,,,,,,,
2024-03-07 19:00:00-05:00,30.68000030517578,30.790000915527344,28.709999084472656,28.979999542236328,1251500.0,,,,,,,,,,
2024-03-10 20:00:00-04:00,29.059999465942383,29.6299991607666,28.57999992370605,28.940000534057617,1512600.0,,,,,,,,,,
2024-03-11 20:00:00-04:00,29.200000762939453,29.31999969482422,28.520000457763672,28.700000762939453,1457200.0,,,,,,,,,,
2024-03-12 20:00:00-04:00,28.46999931335449,29.0,27.850000381469727,28.170000076293945,1365000.0,,,,,,,,,,
2024-03-13 20:00:00-04:00,27.81999969482422,28.15999984741211,26.81999969482422,27.350000381469727,2340900.0,,,,,,,,,,
2024-03-14 20:00:00-04:00,27.21999931335449,28.5,27.21999931335449,27.559999465942383,2320700.0,,,,,,,,,,
2024-03-17 20:00:00-04:00,27.51000022888184,28.56999969482422,27.21999931335449,27.809999465942383,1972900.0,,,,,,,,,,
2024-03-18 20:00:00-04:00,28.229999542236328,29.09499931335449,28.06100082397461,28.43000030517578,1854400.0,,,,,,,,,,
2024-03-19 20:00:00-04:00,28.559999465942383,28.950000762939453,27.809999465942383,28.6299991607666,807900.0,,,,,,,,,,
2024-03-20 20:00:00-04:00,29.540000915527344,30.082000732421875,28.940000534057617,28.979999542236328,1469900.0,,,,,,,,,,
2024-03-21 20:00:00-04:00,29.0,29.809999465942383,28.51000022888184,29.57999992370605,1568600.0,,,,,,,,,,
2024-03-24 20:00:00-04:00,29.43000030517578,29.739999771118164,28.959999084472656,29.38999938964844,765700.0,,,,,,,,,,
2024-03-25 20:00:00-04:00,29.850000381469727,30.34000015258789,28.90999984741211,29.76000022888184,1956300.0,,,,,,,,,,
2024-03-26 20:00:00-04:00,30.489999771118164,31.229999542236328,29.6200008392334,30.86000061035156,1784900.0,,,,,,,,,,
2024-03-27 20:00:00-04:00,30.780000686645508,31.218000411987305,30.3700008392334,30.920000076293945,2004400.0,,,,,,,,,,
2024-03-31 20:00:00-04:00,30.989999771118164,31.0,29.65999984741211,29.979999542236328,1100600.0,,,,,,,,,,
2024-04-01 20:00:00-04:00,29.8799991607666,29.8799991607666,28.59000015258789,28.799999237060547,1840600.0,,,,,,,,,,
2024-04-02 20:00:00-04:00,29.01000022888184,29.32999992370605,28.280000686645508,29.229999542236328,1605600.0,,,,,,,,,,
2024-04-03 20:00:00-04:00,29.46999931335449,29.649999618530277,28.11000061035156,28.149999618530277,1413900.0,,,,,,,,,,
2024-04-04 20:00:00-04:00,27.895000457763672,28.770000457763672,27.729999542236328,28.100000381469727,1210300.0,,,,,,,,,,
2024-04-07 20:00:00-04:00,28.38999938964844,28.729999542236328,27.86000061035156,28.270000457763672,1037300.0,,,,,,,,,,
2024-04-08 20:00:00-04:00,28.270000457763672,28.649999618530277,27.90999984741211,28.43000030517578,990300.0,,,,,,,,,,
2024-04-09 20:00:00-04:00,27.290000915527344,27.51000022888184,26.729999542236328,27.32999992370605,1628700.0,,,,,,,,,,
2024-04-10 20:00:00-04:00,27.700000762939453,28.76000022888184,26.86000061035156,28.36000061035156,1602600.0,,,,,,,,,,
2024-04-11 20:00:00-04:00,27.920000076293945,28.1299991607666,26.3700008392334,26.82999992370605,1885900.0,,,,,,,,,,
2024-04-14 20:00:00-04:00,26.68000030517578,26.700000762939453,25.700000762939453,25.770000457763672,1899100.0,,,,,,,,,,
2024-04-15 20:00:00-04:00,25.38999938964844,25.90999984741211,25.200000762939453,25.239999771118164,1039600.0,,,,,,,,,,
2024-04-16 20:00:00-04:00,25.540000915527344,25.65999984741211,24.799999237060547,24.979999542236328,1722800.0,,,,,,,,,,
2024-04-17 20:00:00-04:00,24.850000381469727,25.520000457763672,24.770000457763672,24.950000762939453,2225100.0,,,,,,,,,,
2024-04-18 20:00:00-04:00,24.8799991607666,25.354999542236328,24.270000457763672,24.739999771118164,2027000.0,,,,,,,,,,
2024-04-21 20:00:00-04:00,24.989999771118164,25.520000457763672,24.13500022888184,25.06999969482422,2123100.0,,,,,,,,,,
2024-04-22 20:00:00-04:00,25.07999992370605,26.26300048828125,25.07999992370605,25.459999084472656,1223600.0,,,,,,,,,,
2024-04-23 20:00:00-04:00,25.3700008392334,25.780000686645508,24.440000534057617,25.030000686645508,1540300.0,,,,,,,,,,
2024-04-24 20:00:00-04:00,24.420000076293945,24.5049991607666,23.68000030517578,24.32999992370605,1759600.0,,,,,,,,,,
2024-04-25 20:00:00-04:00,24.479999542236328,24.989999771118164,24.31999969482422,24.8799991607666,1049000.0,,,,,,,,,,
2024-04-28 20:00:00-04:00,25.1200008392334,25.63999938964844,25.01000022888184,25.46999931335449,1161600.0,,,,,,,,,,
2024-04-29 20:00:00-04:00,25.21999931335449,26.049999237060547,24.950000762939453,25.6200008392334,1589000.0,,,,,,,,,,
2024-04-30 20:00:00-04:00,25.850000381469727,28.200000762939453,25.82999992370605,27.030000686645508,2283500.0,,,,,,,,,,
2024-05-01 20:00:00-04:00,27.600000381469727,27.8700008392334,26.59000015258789,27.739999771118164,1201800.0,,,,,,,,,,
2024-05-02 20:00:00-04:00,28.450000762939453,28.780000686645508,27.170000076293945,27.82999992370605,1677300.0,,,,,,,,,,
2024-05-05 20:00:00-04:00,28.1299991607666,28.280000686645508,27.549999237060547,28.09000015258789,839500.0,,,,,,,,,,
2024-05-06 20:00:00-04:00,27.770000457763672,28.09000015258789,27.15999984741211,27.790000915527344,941800.0,,,,,,,,,,
2024-05-07 20:00:00-04:00,27.38999938964844,27.90999984741211,27.200000762939453,27.700000762939453,732600.0,,,,,,,,,,
2024-05-08 20:00:00-04:00,27.670000076293945,28.7549991607666,27.3799991607666,28.729999542236328,969200.0,,,,,,,,,,
2024-05-09 20:00:00-04:00,28.920000076293945,29.15999984741211,27.895000457763672,29.100000381469727,1661100.0,,,,,,,,,,
2024-05-12 20:00:00-04:00,29.280000686645508,29.614999771118164,28.209999084472656,28.5,1874900.0,,,,,,,,,,
2024-05-13 20:00:00-04:00,29.200000762939453,29.334999084472656,28.36000061035156,28.950000762939453,1024700.0,,,,,,,,,,
2024-05-14 20:00:00-04:00,29.8700008392334,30.479999542236328,29.540000915527344,29.96999931335449,1442400.0,,,,,,,,,,
2024-05-15 20:00:00-04:00,30.270000457763672,31.155000686645508,29.950000762939453,31.040000915527344,2156900.0,,,,,,,,,,
2024-05-16 20:00:00-04:00,30.770000457763672,30.770000457763672,29.59000015258789,30.09000015258789,2247100.0,,,,,,,,,,
2024-05-19 20:00:00-04:00,30.049999237060547,30.32999992370605,29.46999931335449,29.520000457763672,1515900.0,,,,,,,,,,
2024-05-20 20:00:00-04:00,29.270000457763672,29.8799991607666,28.790000915527344,29.280000686645508,2419200.0,,,,,,,,,,
2024-05-21 20:00:00-04:00,29.200000762939453,29.5,28.799999237060547,29.270000457763672,992600.0,,,,,,,,,,
2024-05-22 20:00:00-04:00,29.40999984741211,29.513999938964844,27.489999771118164,27.76000022888184,1856300.0,,,,,,,,,,
2024-05-23 20:00:00-04:00,27.950000762939453,28.280000686645508,27.5,27.940000534057617,980400.0,,,,,,,,,,
2024-05-27 20:00:00-04:00,28.299999237060547,28.479999542236328,27.299999237060547,27.81999969482422,1995900.0,,,,,,,,,,
2024-05-28 20:00:00-04:00,27.299999237060547,27.809999465942383,27.13999938964844,27.61000061035156,2519000.0,,,,,,,,,,
2024-05-29 20:00:00-04:00,28.059999465942383,29.18000030517578,27.88999938964844,28.850000381469727,1543400.0,,,,,,,,,,
2024-05-30 20:00:00-04:00,29.0,29.59499931335449,27.770000457763672,28.01000022888184,1547900.0,,,,,,,,,,
2024-06-02 20:00:00-04:00,28.8799991607666,29.709999084472656,28.200000762939453,28.979999542236328,1577900.0,,,,,,,,,,
2024-06-03 20:00:00-04:00,31.31999969482422,31.434999465942383,26.790000915527344,27.1299991607666,4176200.0,,,,,,,,,,
2024-06-04 20:00:00-04:00,27.26000022888184,28.32999992370605,26.850000381469727,28.0,1567500.0,,,,,,,,,,
2024-06-05 20:00:00-04:00,27.809999465942383,27.950000762939453,26.78499984741211,27.1200008392334,1366200.0,,,,,,,,,,
2024-06-06 20:00:00-04:00,26.71999931335449,27.61000061035156,26.58699989318848,27.049999237060547,1150800.0,,,,,,,,,,
2024-06-09 20:00:00-04:00,26.75,28.21999931335449,26.530000686645508,27.82999992370605,1132200.0,,,,,,,,,,
2024-06-10 20:00:00-04:00,27.5,27.780000686645508,27.100000381469727,27.479999542236328,1484800.0,,,,,,,,,,
2024-06-11 20:00:00-04:00,28.68000030517578,29.165000915527344,27.790000915527344,28.68000030517578,1265600.0,,,,,,,,,,
2024-06-12 20:00:00-04:00,28.57999992370605,29.34000015258789,28.420000076293945,29.0,1334500.0,,,,,,,,,,
2024-06-13 20:00:00-04:00,28.43000030517578,28.549999237060547,27.46999931335449,27.86000061035156,1132000.0,,,,,,,,,,
2024-06-16 20:00:00-04:00,27.790000915527344,28.26000022888184,27.11000061035156,27.229999542236328,1498900.0,,,,,,,,,,
2024-06-17 20:00:00-04:00,27.26000022888184,27.76000022888184,26.229999542236328,27.61000061035156,1376200.0,,,,,,,,,,
2024-06-19 20:00:00-04:00,27.36000061035156,27.59000015258789,26.88999938964844,27.049999237060547,2204700.0,,,,,,,,,,
2024-06-20 20:00:00-04:00,26.989999771118164,27.46999931335449,26.5,27.36000061035156,3628700.0,,,,,,,,,,
2024-06-23 20:00:00-04:00,24.280000686645508,24.71999931335449,21.6200008392334,23.0,13647100.0,,,,,,,,,,
2024-06-24 20:00:00-04:00,23.170000076293945,24.1299991607666,22.38999938964844,23.3799991607666,4172200.0,,,,,,,,,,
2024-06-25 20:00:00-04:00,23.26000022888184,24.399999618530277,23.104999542236328,23.559999465942383,2677000.0,,,,,,,,,,
2024-06-26 20:00:00-04:00,23.549999237060547,25.26000022888184,23.21999931335449,25.200000762939453,3082800.0,,,,,,,,,,
2024-06-27 20:00:00-04:00,25.479999542236328,26.0,24.65999984741211,25.32999992370605,7407600.0,,,,,,,,,,
2024-06-30 20:00:00-04:00,25.5,26.100000381469727,24.989999771118164,25.200000762939453,1582700.0,,,,,,,,,,
2024-07-01 20:00:00-04:00,25.200000762939453,25.709999084472656,24.899999618530277,24.90999984741211,1905300.0,,,,,,,,,,
2024-07-02 20:00:00-04:00,25.020000457763672,25.479999542236328,24.709999084472656,25.0,1017500.0,,,,,,,,,,
2024-07-04 20:00:00-04:00,24.82999992370605,25.93000030517578,24.600000381469727,25.76000022888184,1075600.0,,,,,,,,,,
2024-07-07 20:00:00-04:00,26.1299991607666,26.790000915527344,25.549999237060547,26.13999938964844,1341200.0,,,,,,,,,,
2024-07-08 20:00:00-04:00,26.239999771118164,26.290000915527344,25.450000762939453,25.700000762939453,1232200.0,,,,,,,,,,
2024-07-09 20:00:00-04:00,25.850000381469727,26.57999992370605,25.21999931335449,26.549999237060547,1115600.0,,,,,,,,,,
2024-07-10 20:00:00-04:00,27.65999984741211,27.729999542236328,26.73500061035156,26.88999938964844,1469900.0,,,,,,,,,,
2024-07-11 20:00:00-04:00,27.270000457763672,27.989999771118164,26.46999931335449,27.1200008392334,1628800.0,,,,,,,,,,
2024-07-14 20:00:00-04:00,27.200000762939453,28.18000030517578,26.86000061035156,27.84000015258789,1406600.0,,,,,,,,,,
2024-07-15 20:00:00-04:00,28.239999771118164,29.32999992370605,27.96999931335449,29.25,1734500.0,,,,,,,,,,
2024-07-16 20:00:00-04:00,28.40999984741211,29.489999771118164,27.450000762939453,27.989999771118164,1768800.0,,,,,,,,,,
2024-07-17 20:00:00-04:00,27.959999084472656,28.09000015258789,25.600000381469727,25.93000030517578,2206200.0,,,,,,,,,,
2024-07-18 20:00:00-04:00,26.100000381469727,26.59000015258789,25.8700008392334,26.190000534057617,1021000.0,,,,,,,,,,
2024-07-21 20:00:00-04:00,26.540000915527344,26.850000381469727,25.881999969482425,26.670000076293945,1236300.0,,,,,,,,,,
2024-07-22 20:00:00-04:00,26.229999542236328,27.93000030517578,26.200000762939453,27.489999771118164,1229000.0,,,,,,,,,,
2024-07-23 20:00:00-04:00,27.170000076293945,27.61000061035156,26.31999969482422,26.36000061035156,941500.0,,,,,,,,,,
2024-07-24 20:00:00-04:00,26.43000030517578,27.34000015258789,26.200000762939453,26.700000762939453,1085100.0,,,,,,,,,,
2024-07-25 20:00:00-04:00,27.399999618530277,27.84000015258789,26.61000061035156,27.049999237060547,885900.0,,,,,,,,,,
2024-07-28 20:00:00-04:00,27.07999992370605,27.1200008392334,26.020000457763672,26.270000457763672,819800.0,,,,,,,,,,
2024-07-29 20:00:00-04:00,26.3700008392334,26.59000015258789,25.81999969482422,25.940000534057617,1467900.0,,,,,,,,,,
2024-07-30 20:00:00-04:00,26.06999969482422,27.270000457763672,25.700000762939453,25.950000762939453,1413300.0,,,,,,,,,,
2024-07-31 20:00:00-04:00,25.920000076293945,26.375,25.309999465942383,26.18000030517578,1568900.0,,,,,,,,,,
2024-08-01 20:00:00-04:00,24.44099998474121,26.479999542236328,24.21999931335449,26.18000030517578,1415600.0,,,,,,,,,,
2024-08-04 20:00:00-04:00,24.149999618530277,25.75,24.1200008392334,25.5,1782200.0,,,,,,,,,,
2024-08-05 20:00:00-04:00,25.729999542236328,25.729999542236328,24.7450008392334,24.8700008392334,1695100.0,,,,,,,,,,
2024-08-06 20:00:00-04:00,25.450000762939453,25.450000762939453,23.920000076293945,23.920000076293945,1523600.0,,,,,,,,,,
2024-08-07 20:00:00-04:00,24.01000022888184,24.93000030517578,23.81999969482422,24.479999542236328,1029300.0,,,,,,,,,,
2024-08-08 20:00:00-04:00,24.440000534057617,24.71999931335449,24.049999237060547,24.43000030517578,777000.0,,,,,,,,,,
2024-08-11 20:00:00-04:00,24.43000030517578,24.459999084472656,23.850000381469727,24.059999465942383,864300.0,,,,,,,,,,
2024-08-12 20:00:00-04:00,24.15999984741211,24.32999992370605,23.709999084472656,23.90999984741211,1536400.0,,,,,,,,,,
2024-08-13 20:00:00-04:00,23.90999984741211,24.59000015258789,23.399999618530277,24.25,1862500.0,,,,,,,,,,
2024-08-14 20:00:00-04:00,24.84000015258789,25.190000534057617,24.229999542236328,24.959999084472656,984000.0,,,,,,,,,,
2024-08-15 20:00:00-04:00,24.82999992370605,25.059999465942383,24.31999969482422,24.399999618530277,1073200.0,,,,,,,,,,
2024-08-18 20:00:00-04:00,24.299999237060547,25.299999237060547,23.82999992370605,25.170000076293945,1382000.0,,,,,,,,,,
2024-08-19 20:00:00-04:00,24.899999618530277,25.850000381469727,24.899999618530277,25.65999984741211,999600.0,,,,,,,,,,
2024-08-20 20:00:00-04:00,25.600000381469727,26.0,24.82999992370605,25.559999465942383,1519100.0,,,,,,,,,,
2024-08-21 20:00:00-04:00,25.75,25.799999237060547,24.850000381469727,24.88999938964844,752300.0,,,,,,,,,,
2024-08-22 20:00:00-04:00,25.049999237060547,25.670000076293945,24.6299991607666,25.309999465942383,911700.0,,,,,,,,,,
2024-08-25 20:00:00-04:00,25.559999465942383,26.26000022888184,25.334999084472656,25.899999618530277,820200.0,,,,,,,,,,
2024-08-26 20:00:00-04:00,25.88999938964844,26.170000076293945,24.82999992370605,24.979999542236328,1192500.0,,,,,,,,,,
2024-08-27 20:00:00-04:00,24.96999931335449,25.309999465942383,24.780000686645508,24.899999618530277,1507600.0,,,,,,,,,,
2024-08-28 20:00:00-04:00,25.100000381469727,25.57999992370605,24.520000457763672,24.6200008392334,2003300.0,,,,,,,,,,
2024-08-29 20:00:00-04:00,26.0,28.26000022888184,25.850000381469727,27.850000381469727,9112100.0,,,,,,,,,,
2024-09-02 20:00:00-04:00,28.299999237060547,30.950000762939453,27.799999237060547,28.739999771118164,6265900.0,,,,,,,,,,
2024-09-03 20:00:00-04:00,28.96999931335449,30.770000457763672,28.690000534057617,30.670000076293945,3404700.0,,,,,,,,,,
2024-09-04 20:00:00-04:00,30.959999084472656,32.060001373291016,30.459999084472656,31.299999237060547,3502300.0,,,,,,,,,,
2024-09-05 20:00:00-04:00,31.3799991607666,32.04999923706055,29.71999931335449,30.700000762939453,2202200.0,,,,,,,,,,
2024-09-08 20:00:00-04:00,30.809999465942383,31.13999938964844,30.020000457763672,30.700000762939453,1757100.0,,,,,,,,,,
2024-09-09 20:00:00-04:00,30.850000381469727,30.8700008392334,29.600000381469727,29.989999771118164,1421300.0,,,,,,,,,,
2024-09-10 20:00:00-04:00,29.1299991607666,29.520000457763672,27.88999938964844,27.989999771118164,2737400.0,,,,,,,,,,
2024-09-11 20:00:00-04:00,27.809999465942383,28.1299991607666,26.920000076293945,26.950000762939453,2034100.0,,,,,,,,,,
2024-09-12 20:00:00-04:00,27.11000061035156,27.315000534057617,25.920000076293945,26.18000030517578,4583900.0,,,,,,,,,,
2024-09-15 20:00:00-04:00,26.06999969482422,26.940000534057617,25.920000076293945,26.190000534057617,2226300.0,,,,,,,,,,
2024-09-16 20:00:00-04:00,26.950000762939453,27.68000030517578,26.25,26.729999542236328,3946300.0,,,,,,,,,,
2024-09-17 20:00:00-04:00,26.440000534057617,26.834999084472656,25.799999237060547,25.959999084472656,1657500.0,,,,,,,,,,
2024-09-18 20:00:00-04:00,26.459999084472656,27.440000534057617,26.21999931335449,26.82999992370605,2050100.0,,,,,,,,,,
2024-09-19 20:00:00-04:00,26.82999992370605,27.030000686645508,26.149999618530277,26.739999771118164,2331900.0,,,,,,,,,,
2024-09-22 20:00:00-04:00,26.600000381469727,26.725000381469727,25.34000015258789,25.399999618530277,1740400.0,,,,,,,,,,
2024-09-23 20:00:00-04:00,25.46999931335449,25.684999465942383,23.86000061035156,24.86000061035156,4031300.0,,,,,,,,,,
2024-09-24 20:00:00-04:00,24.790000915527344,24.989999771118164,24.229999542236328,24.51000022888184,1334300.0,,,,,,,,,,
2024-09-25 20:00:00-04:00,24.729999542236328,24.8799991607666,24.170000076293945,24.479999542236328,1969400.0,,,,,,,,,,
2024-09-26 20:00:00-04:00,24.93000030517578,25.440000534057617,24.43000030517578,24.940000534057617,1836700.0,,,,,,,,,,
2024-09-29 20:00:00-04:00,24.790000915527344,26.149999618530277,24.790000915527344,25.459999084472656,1594600.0,,,,,,,,,,
2024-09-30 20:00:00-04:00,25.440000534057617,25.790000915527344,24.43000030517578,24.799999237060547,2014500.0,,,,,,,,,,
2024-10-01 20:00:00-04:00,24.65999984741211,25.34000015258789,24.290000915527344,25.07999992370605,1661300.0,,,,,,,,,,
2024-10-02 20:00:00-04:00,24.780000686645508,25.795000076293945,24.299999237060547,25.6299991607666,2359400.0,,,,,,,,,,
2024-10-03 20:00:00-04:00,25.809999465942383,26.049999237060547,25.1200008392334,25.229999542236328,1428600.0,,,,,,,,,,
2024-10-06 20:00:00-04:00,25.09000015258789,25.540000915527344,24.690000534057617,24.84000015258789,1305400.0,,,,,,,,,,
2024-10-07 20:00:00-04:00,24.770000457763672,25.13999938964844,24.559999465942383,24.729999542236328,1337400.0,,,,,,,,,,
2024-10-08 20:00:00-04:00,24.68000030517578,24.875,23.325000762939453,23.3799991607666,2636000.0,,,,,,,,,,
2024-10-09 20:00:00-04:00,23.100000381469727,25.049999237060547,22.75,24.959999084472656,2341700.0,,,,,,,,,,
2024-10-10 20:00:00-04:00,24.959999084472656,25.90999984741211,24.60400009155273,25.899999618530277,1659600.0,,,,,,,,,,
2024-10-13 20:00:00-04:00,25.690000534057617,26.459999084472656,25.684999465942383,25.780000686645508,1743200.0,,,,,,,,,,
2024-10-14 20:00:00-04:00,25.799999237060547,26.239999771118164,25.15999984741211,25.3799991607666,2295500.0,,,,,,,,,,
2024-10-15 20:00:00-04:00,25.6200008392334,26.780000686645508,25.6200008392334,26.34000015258789,1837700.0,,,,,,,,,,
2024-10-16 20:00:00-04:00,26.01000022888184,26.40999984741211,25.86000061035156,26.190000534057617,998600.0,,,,,,,,,,
2024-10-17 20:00:00-04:00,26.209999084472656,26.65999984741211,25.88500022888184,26.020000457763672,1052600.0,,,,,,,,,,
2024-10-20 20:00:00-04:00,25.709999084472656,26.100000381469727,25.020000457763672,25.15999984741211,1377700.0,,,,,,,,,,
2024-10-21 20:00:00-04:00,25.020000457763672,25.209999084472656,24.76000022888184,24.940000534057617,848300.0,,,,,,,,,,
2024-10-22 20:00:00-04:00,24.93000030517578,25.190000534057617,24.200000762939453,24.450000762939453,1039000.0,,,,,,,,,,
2024-10-23 20:00:00-04:00,24.559999465942383,24.809999465942383,24.1200008392334,24.170000076293945,1675600.0,,,,,,,,,,
2024-10-24 20:00:00-04:00,24.170000076293945,24.899999618530277,23.76000022888184,23.84000015258789,1272500.0,,,,,,,,,,
2024-10-27 20:00:00-04:00,24.06999969482422,24.850000381469727,23.915000915527344,24.440000534057617,1723100.0,,,,,,,,,,
2024-10-28 20:00:00-04:00,24.170000076293945,24.68000030517578,24.1200008392334,24.5,1132400.0,,,,,,,,,,
2024-10-29 20:00:00-04:00,24.229999542236328,24.674999237060547,23.774999618530277,23.790000915527344,1098500.0,,,,,,,,,,
2024-10-30 20:00:00-04:00,23.799999237060547,24.530000686645508,23.38999938964844,23.40999984741211,1316600.0,,,,,,,,,,
2024-10-31 20:00:00-04:00,23.51000022888184,25.63999938964844,23.350000381469727,25.479999542236328,1979600.0,,,,,,,,,,
2024-11-03 19:00:00-05:00,25.0,25.809999465942383,24.38999938964844,25.200000762939453,1256000.0,,,,,,,,,,
2024-11-04 19:00:00-05:00,25.01000022888184,25.549999237060547,24.459999084472656,25.520000457763672,1178300.0,,,,,,,,,,
2024-11-05 19:00:00-05:00,26.3799991607666,26.600000381469727,25.520000457763672,25.61000061035156,1974600.0,,,,,,,,,,
2024-11-06 19:00:00-05:00,25.56999969482422,26.149999618530277,25.34000015258789,25.8799991607666,1250400.0,,,,,,,,,,
2024-11-07 19:00:00-05:00,25.799999237060547,27.270000457763672,25.56999969482422,27.09000015258789,1733100.0,,,,,,,,,,
2024-11-10 19:00:00-05:00,27.51000022888184,27.56999969482422,26.07999992370605,26.1200008392334,2012300.0,,,,,,,,,,
2024-11-11 19:00:00-05:00,26.15999984741211,26.6200008392334,24.09000015258789,24.6200008392334,2425200.0,,,,,,,,,,
2024-11-12 19:00:00-05:00,24.920000076293945,26.0,24.65999984741211,24.790000915527344,1834300.0,,,,,,,,,,
2024-11-13 19:00:00-05:00,24.790000915527344,25.790000915527344,24.0,24.11000061035156,1925500.0,,,,,,,,,,
2024-11-14 19:00:00-05:00,24.299999237060547,24.299999237060547,22.920000076293945,23.71999931335449,2781600.0,,,,,,,,,,
2024-11-17 19:00:00-05:00,23.31999969482422,24.25,22.100000381469727,22.350000381469727,3188000.0,,,,,,,,,,
2024-11-18 19:00:00-05:00,22.26499938964844,22.940000534057617,21.71999931335449,22.540000915527344,2148600.0,,,,,,,,,,
2024-11-19 19:00:00-05:00,22.420000076293945,23.15999984741211,22.049999237060547,23.040000915527344,1395900.0,,,,,,,,,,
2024-11-20 19:00:00-05:00,23.040000915527344,23.6299991607666,22.81999969482422,23.239999771118164,2069400.0,,,,,,,,,,
2024-11-21 19:00:00-05:00,23.1299991607666,23.649999618530277,22.46999931335449,23.420000076293945,2088400.0,,,,,,,,,,
2024-11-24 19:00:00-05:00,28.809999465942383,30.51000022888184,26.86000061035156,27.190000534057617,14615100.0,,,,,,,,,,
2024-11-25 19:00:00-05:00,26.93000030517578,27.87700080871582,25.520000457763672,26.440000534057617,4317100.0,,,,,,,,,,
2024-11-26 19:00:00-05:00,26.530000686645508,28.200000762939453,26.25,27.489999771118164,2491800.0,,,,,,,,,,
2024-11-28 19:00:00-05:00,27.84000015258789,28.040000915527344,27.07999992370605,27.09000015258789,1120500.0,,,,,,,,,,
2024-12-01 19:00:00-05:00,26.86000061035156,27.170000076293945,26.149999618530277,26.600000381469727,1347100.0,,,,,,,,,,
2024-12-02 19:00:00-05:00,26.420000076293945,27.07999992370605,26.31999969482422,26.57999992370605,1777800.0,,,,,,,,,,
2024-12-03 19:00:00-05:00,26.420000076293945,27.799999237060547,26.299999237060547,27.100000381469727,1652900.0,,,,,,,,,,
2024-12-04 19:00:00-05:00,26.86000061035156,27.22800064086914,26.36000061035156,26.65999984741211,1155400.0,,,,,,,,,,
2024-12-05 19:00:00-05:00,26.959999084472656,29.299999237060547,26.549999237060547,28.790000915527344,2922700.0,,,,,,,,,,
2024-12-08 19:00:00-05:00,28.63999938964844,29.540000915527344,28.36000061035156,29.5,1600400.0,,,,,,,,,,
2024-12-09 19:00:00-05:00,29.65999984741211,29.989999771118164,28.61000061035156,29.040000915527344,1556700.0,,,,,,,,,,
2024-12-10 19:00:00-05:00,29.309999465942383,29.70499992370605,28.940000534057617,28.979999542236328,1251300.0,,,,,,,,,,
2024-12-11 19:00:00-05:00,28.729999542236328,29.170000076293945,27.450000762939453,27.670000076293945,1851600.0,,,,,,,,,,
2024-12-12 19:00:00-05:00,27.68000030517578,28.280000686645508,27.0,27.489999771118164,1482600.0,,,,,,,,,,
2024-12-15 19:00:00-05:00,27.690000534057617,28.18000030517578,27.420000076293945,27.709999084472656,1869100.0,,,,,,,,,,
2024-12-16 19:00:00-05:00,27.43000030517578,27.975000381469727,27.170000076293945,27.81999969482422,1526300.0,,,,,,,,,,
2024-12-17 19:00:00-05:00,27.8799991607666,28.149999618530277,25.51000022888184,25.979999542236328,2746800.0,,,,,,,,,,
2024-12-18 19:00:00-05:00,26.07999992370605,26.604999542236328,25.34000015258789,26.209999084472656,2465200.0,,,,,,,,,,
2024-12-19 19:00:00-05:00,26.040000915527344,26.899999618530277,26.020000457763672,26.489999771118164,4196300.0,,,,,,,,,,
2024-12-22 19:00:00-05:00,26.75,27.790000915527344,26.549999237060547,27.770000457763672,1475400.0,,,,,,,,,,
2024-12-23 19:00:00-05:00,27.76000022888184,28.584999084472656,27.559999465942383,28.530000686645508,939000.0,,,,,,,,,,
2024-12-25 19:00:00-05:00,28.18000030517578,28.84000015258789,27.780000686645508,28.38999938964844,1025100.0,,,,,,,,,,
2024-12-26 19:00:00-05:00,28.170000076293945,28.81999969482422,27.600000381469727,27.989999771118164,1250900.0,,,,,,,,,,
2024-12-27 00:00:00+00:00,,,,,,27.989999771118164,27.989999771118164,28.81999969482422,27.600000381469727,28.170000076293945,1250900.0,,,,
