Date,Open,High,Low,Close,Volume,"('Adj Close', 'GNSS')","('Close', 'GNSS')","('High', 'GNSS')","('Low', 'GNSS')","('Open', 'GNSS')","('Volume', 'GNSS')","('EMA5', '')","('EMA21', '')","('EMA26', '')","('ATR50', '')"
2024-01-01 19:00:00-05:00,2.0,2.0199999809265137,1.940000057220459,1.9700000286102293,74200.0,,,,,,,,,,
2024-01-02 19:00:00-05:00,1.9600000381469729,1.9900000095367432,1.909999966621399,1.950000047683716,67800.0,,,,,,,,,,
2024-01-03 19:00:00-05:00,1.9800000190734863,1.9800000190734863,1.8200000524520876,1.8200000524520876,62400.0,,,,,,,,,,
2024-01-04 19:00:00-05:00,1.809999942779541,1.840000033378601,1.7999999523162842,1.7999999523162842,55600.0,,,,,,,,,,
2024-01-07 19:00:00-05:00,1.809999942779541,1.850000023841858,1.7899999618530271,1.7899999618530271,52500.0,,,,,,,,,,
2024-01-08 19:00:00-05:00,1.7999999523162842,1.8200000524520876,1.7599999904632568,1.7599999904632568,56500.0,,,,,,,,,,
2024-01-09 19:00:00-05:00,1.7599999904632568,1.7799999713897705,1.7200000286102295,1.7200000286102295,44700.0,,,,,,,,,,
2024-01-10 19:00:00-05:00,1.75,1.7599999904632568,1.6799999475479126,1.6799999475479126,58500.0,,,,,,,,,,
2024-01-11 19:00:00-05:00,1.659999966621399,1.7300000190734863,1.6200000047683716,1.6200000047683716,52300.0,,,,,,,,,,
2024-01-15 19:00:00-05:00,1.8200000524520876,1.8200000524520876,1.559999942779541,1.559999942779541,100700.0,,,,,,,,,,
2024-01-16 19:00:00-05:00,1.5299999713897705,1.6200000047683716,1.5199999809265137,1.559999942779541,98600.0,,,,,,,,,,
2024-01-17 19:00:00-05:00,1.590000033378601,1.7899999618530271,1.590000033378601,1.690000057220459,155800.0,,,,,,,,,,
2024-01-18 19:00:00-05:00,1.690000057220459,1.7400000095367432,1.649999976158142,1.7100000381469729,114100.0,,,,,,,,,,
2024-01-21 19:00:00-05:00,1.7200000286102295,1.75,1.7000000476837158,1.7300000190734863,51100.0,,,,,,,,,,
2024-01-22 19:00:00-05:00,1.75,1.7999999523162842,1.7200000286102295,1.7200000286102295,110400.0,,,,,,,,,,
2024-01-23 19:00:00-05:00,1.7899999618530271,1.7899999618530271,1.7300000190734863,1.7400000095367432,7100.0,,,,,,,,,,
2024-01-24 19:00:00-05:00,1.7300000190734863,1.7400000095367432,1.6200000047683716,1.649999976158142,38700.0,,,,,,,,,,
2024-01-25 19:00:00-05:00,1.7100000381469729,1.7200000286102295,1.5800000429153442,1.6200000047683716,45000.0,,,,,,,,,,
2024-01-28 19:00:00-05:00,1.6200000047683716,1.649999976158142,1.6200000047683716,1.6299999952316284,14300.0,,,,,,,,,,
2024-01-29 19:00:00-05:00,1.600000023841858,1.6699999570846558,1.559999942779541,1.5800000429153442,39200.0,,,,,,,,,,
2024-01-30 19:00:00-05:00,1.5700000524520874,1.6699999570846558,1.5700000524520874,1.5700000524520874,35500.0,,,,,,,,,,
2024-01-31 19:00:00-05:00,1.5700000524520874,1.590000033378601,1.5399999618530271,1.5399999618530271,49000.0,,,,,,,,,,
2024-02-01 19:00:00-05:00,1.590000033378601,1.6100000143051147,1.5099999904632568,1.6100000143051147,84800.0,,,,,,,,,,
2024-02-04 19:00:00-05:00,1.6299999952316284,1.659999966621399,1.559999942779541,1.5800000429153442,76100.0,,,,,,,,,,
2024-02-05 19:00:00-05:00,1.6100000143051147,1.6100000143051147,1.559999942779541,1.5700000524520874,127700.0,,,,,,,,,,
2024-02-06 19:00:00-05:00,1.6200000047683716,1.6200000047683716,1.5499999523162842,1.5700000524520874,45300.0,,,,,,,,,,
2024-02-07 19:00:00-05:00,1.559999942779541,1.6100000143051147,1.5399999618530271,1.559999942779541,50400.0,,,,,,,,,,
2024-02-08 19:00:00-05:00,1.5399999618530271,1.5800000429153442,1.5399999618530271,1.559999942779541,65600.0,,,,,,,,,,
2024-02-11 19:00:00-05:00,1.8200000524520876,2.059999942779541,1.7599999904632568,1.809999942779541,972900.0,,,,,,,,,,
2024-02-12 19:00:00-05:00,1.690000057220459,1.9299999475479128,1.690000057220459,1.8899999856948853,356200.0,,,,,,,,,,
2024-02-13 19:00:00-05:00,1.830000042915344,1.830000042915344,1.690000057220459,1.7100000381469729,278300.0,,,,,,,,,,
2024-02-14 19:00:00-05:00,1.7100000381469729,1.7799999713897705,1.7000000476837158,1.7799999713897705,266400.0,,,,,,,,,,
2024-02-15 19:00:00-05:00,1.7200000286102295,1.9700000286102293,1.7200000286102295,1.9299999475479128,162100.0,,,,,,,,,,
2024-02-19 19:00:00-05:00,1.899999976158142,2.130000114440918,1.8799999952316284,2.0999999046325684,167000.0,,,,,,,,,,
2024-02-20 19:00:00-05:00,2.0999999046325684,2.119999885559082,1.919999957084656,2.049999952316284,87900.0,,,,,,,,,,
2024-02-21 19:00:00-05:00,2.0799999237060547,2.190000057220459,2.059999942779541,2.109999895095825,129600.0,,,,,,,,,,
2024-02-22 19:00:00-05:00,2.109999895095825,2.2100000381469727,1.950000047683716,1.9900000095367432,218600.0,,,,,,,,,,
2024-02-25 19:00:00-05:00,2.009999990463257,2.039999961853028,1.9800000190734863,2.0299999713897705,43200.0,,,,,,,,,,
2024-02-26 19:00:00-05:00,2.0299999713897705,2.049999952316284,1.919999957084656,1.9700000286102293,121400.0,,,,,,,,,,
2024-02-27 19:00:00-05:00,1.9800000190734863,2.0299999713897705,1.950000047683716,2.0,44500.0,,,,,,,,,,
2024-02-28 19:00:00-05:00,2.039999961853028,2.039999961853028,1.919999957084656,1.9800000190734863,147400.0,,,,,,,,,,
2024-02-29 19:00:00-05:00,1.9800000190734863,1.9800000190734863,1.8600000143051147,1.9700000286102293,51900.0,,,,,,,,,,
2024-03-03 19:00:00-05:00,1.9900000095367432,1.9900000095367432,1.909999966621399,1.9900000095367432,64800.0,,,,,,,,,,
2024-03-04 19:00:00-05:00,1.9800000190734863,2.0,1.950000047683716,2.0,34300.0,,,,,,,,,,
2024-03-05 19:00:00-05:00,1.9700000286102293,2.039999961853028,1.9600000381469729,1.9900000095367432,36600.0,,,,,,,,,,
2024-03-06 19:00:00-05:00,1.9800000190734863,2.0,1.8899999856948853,2.0,43600.0,,,,,,,,,,
2024-03-07 19:00:00-05:00,2.0,2.0,1.870000004768372,1.919999957084656,81700.0,,,,,,,,,,
2024-03-10 20:00:00-04:00,1.940000057220459,1.9700000286102293,1.940000057220459,1.940000057220459,31100.0,,,,,,,,,,
2024-03-11 20:00:00-04:00,1.9700000286102293,1.9700000286102293,1.8600000143051147,1.919999957084656,26600.0,,,,,,,,,,
2024-03-12 20:00:00-04:00,1.909999966621399,1.919999957084656,1.850000023841858,1.850000023841858,32700.0,,,,,,,,,,
2024-03-13 20:00:00-04:00,1.850000023841858,1.919999957084656,1.7400000095367432,1.7899999618530271,79300.0,,,,,,,,,,
2024-03-14 20:00:00-04:00,1.7899999618530271,1.840000033378601,1.7699999809265137,1.830000042915344,47700.0,,,,,,,,,,
2024-03-17 20:00:00-04:00,1.850000023841858,1.940000057220459,1.8200000524520876,1.8200000524520876,51300.0,,,,,,,,,,
2024-03-18 20:00:00-04:00,1.7999999523162842,1.8600000143051147,1.7999999523162842,1.809999942779541,72300.0,,,,,,,,,,
2024-03-19 20:00:00-04:00,1.899999976158142,1.899999976158142,1.7999999523162842,1.8600000143051147,19200.0,,,,,,,,,,
2024-03-20 20:00:00-04:00,1.870000004768372,2.039999961853028,1.870000004768372,2.009999990463257,125900.0,,,,,,,,,,
2024-03-21 20:00:00-04:00,2.009999990463257,2.150000095367432,2.009999990463257,2.0999999046325684,133400.0,,,,,,,,,,
2024-03-24 20:00:00-04:00,2.0999999046325684,2.190000057220459,2.049999952316284,2.190000057220459,79900.0,,,,,,,,,,
2024-03-25 20:00:00-04:00,2.200000047683716,2.4800000190734863,2.200000047683716,2.440000057220459,184500.0,,,,,,,,,,
2024-03-26 20:00:00-04:00,2.5999999046325684,2.640000104904175,2.309999942779541,2.400000095367432,89300.0,,,,,,,,,,
2024-03-27 20:00:00-04:00,2.400000095367432,2.4600000381469727,2.3499999046325684,2.369999885559082,110400.0,,,,,,,,,,
2024-03-31 20:00:00-04:00,2.359999895095825,2.390000104904175,2.240000009536743,2.3299999237060547,66900.0,,,,,,,,,,
2024-04-01 20:00:00-04:00,2.3399999141693115,2.400000095367432,2.2699999809265137,2.380000114440918,46200.0,,,,,,,,,,
2024-04-02 20:00:00-04:00,2.400000095367432,2.5,2.3299999237060547,2.450000047683716,74900.0,,,,,,,,,,
2024-04-03 20:00:00-04:00,2.430000066757202,2.440000057220459,2.240000009536743,2.2699999809265137,83800.0,,,,,,,,,,
2024-04-04 20:00:00-04:00,2.2699999809265137,2.400000095367432,2.2699999809265137,2.3399999141693115,32000.0,,,,,,,,,,
2024-04-07 20:00:00-04:00,2.4200000762939453,2.4200000762939453,2.3399999141693115,2.400000095367432,47400.0,,,,,,,,,,
2024-04-08 20:00:00-04:00,2.400000095367432,2.430000066757202,2.299999952316284,2.3499999046325684,65900.0,,,,,,,,,,
2024-04-09 20:00:00-04:00,2.220000028610229,2.440000057220459,2.2100000381469727,2.299999952316284,34000.0,,,,,,,,,,
2024-04-10 20:00:00-04:00,2.2300000190734863,2.309999942779541,2.180000066757202,2.2699999809265137,40200.0,,,,,,,,,,
2024-04-11 20:00:00-04:00,2.25,2.359999895095825,2.140000104904175,2.190000057220459,31400.0,,,,,,,,,,
2024-04-14 20:00:00-04:00,2.1700000762939453,2.2100000381469727,2.059999942779541,2.0999999046325684,103100.0,,,,,,,,,,
2024-04-15 20:00:00-04:00,2.0999999046325684,2.0999999046325684,1.9299999475479128,2.039999961853028,67600.0,,,,,,,,,,
2024-04-16 20:00:00-04:00,2.049999952316284,2.049999952316284,1.870000004768372,1.9900000095367432,120700.0,,,,,,,,,,
2024-04-17 20:00:00-04:00,1.9900000095367432,2.049999952316284,1.9600000381469729,2.049999952316284,27200.0,,,,,,,,,,
2024-04-18 20:00:00-04:00,2.009999990463257,2.049999952316284,1.9800000190734863,1.9900000095367432,20300.0,,,,,,,,,,
2024-04-21 20:00:00-04:00,1.9900000095367432,2.0899999141693115,1.950000047683716,2.0299999713897705,66200.0,,,,,,,,,,
2024-04-22 20:00:00-04:00,2.049999952316284,2.150000095367432,1.9900000095367432,2.150000095367432,53600.0,,,,,,,,,,
2024-04-23 20:00:00-04:00,2.1700000762939453,2.190000057220459,2.049999952316284,2.0999999046325684,21600.0,,,,,,,,,,
2024-04-24 20:00:00-04:00,2.059999942779541,2.130000114440918,2.039999961853028,2.119999885559082,13100.0,,,,,,,,,,
2024-04-25 20:00:00-04:00,2.240000009536743,2.240000009536743,2.0999999046325684,2.1700000762939453,12800.0,,,,,,,,,,
2024-04-28 20:00:00-04:00,2.220000028610229,2.25,2.140000104904175,2.190000057220459,17300.0,,,,,,,,,,
2024-04-29 20:00:00-04:00,2.180000066757202,2.190000057220459,2.0299999713897705,2.0999999046325684,9200.0,,,,,,,,,,
2024-04-30 20:00:00-04:00,2.0799999237060547,2.190000057220459,2.049999952316284,2.150000095367432,39700.0,,,,,,,,,,
2024-05-01 20:00:00-04:00,2.200000047683716,2.3399999141693115,2.1700000762939453,2.3399999141693115,66300.0,,,,,,,,,,
2024-05-02 20:00:00-04:00,2.3499999046325684,2.3499999046325684,2.200000047683716,2.240000009536743,48000.0,,,,,,,,,,
2024-05-05 20:00:00-04:00,2.299999952316284,2.3499999046325684,2.25,2.2799999713897705,53200.0,,,,,,,,,,
2024-05-06 20:00:00-04:00,2.319999933242798,2.380000114440918,2.259999990463257,2.259999990463257,76100.0,,,,,,,,,,
2024-05-07 20:00:00-04:00,2.2100000381469727,2.240000009536743,2.180000066757202,2.190000057220459,13100.0,,,,,,,,,,
2024-05-08 20:00:00-04:00,2.180000066757202,2.299999952316284,2.150000095367432,2.150000095367432,54800.0,,,,,,,,,,
2024-05-09 20:00:00-04:00,2.1700000762939453,2.240000009536743,2.150000095367432,2.200000047683716,23800.0,,,,,,,,,,
2024-05-12 20:00:00-04:00,2.220000028610229,2.25,2.150000095367432,2.150000095367432,32500.0,,,,,,,,,,
2024-05-13 20:00:00-04:00,2.1600000858306885,2.2300000190734863,2.0,2.0,57300.0,,,,,,,,,,
2024-05-14 20:00:00-04:00,1.940000057220459,2.069999933242798,1.850000023841858,1.9900000095367432,58200.0,,,,,,,,,,
2024-05-15 20:00:00-04:00,1.9900000095367432,2.009999990463257,1.8799999952316284,1.899999976158142,36100.0,,,,,,,,,,
2024-05-16 20:00:00-04:00,1.909999966621399,1.940000057220459,1.690000057220459,1.7300000190734863,179300.0,,,,,,,,,,
2024-05-19 20:00:00-04:00,1.7599999904632568,1.7999999523162842,1.7000000476837158,1.7100000381469729,130300.0,,,,,,,,,,
2024-05-20 20:00:00-04:00,1.75,1.75,1.649999976158142,1.7200000286102295,208500.0,,,,,,,,,,
2024-05-21 20:00:00-04:00,1.75,1.940000057220459,1.7300000190734863,1.830000042915344,52200.0,,,,,,,,,,
2024-05-22 20:00:00-04:00,1.8200000524520876,1.8200000524520876,1.6799999475479126,1.7100000381469729,32500.0,,,,,,,,,,
2024-05-23 20:00:00-04:00,1.7400000095367432,1.870000004768372,1.7100000381469729,1.809999942779541,92900.0,,,,,,,,,,
2024-05-27 20:00:00-04:00,1.7899999618530271,1.8799999952316284,1.659999966621399,1.7599999904632568,175900.0,,,,,,,,,,
2024-05-28 20:00:00-04:00,1.7200000286102295,1.830000042915344,1.7200000286102295,1.809999942779541,64900.0,,,,,,,,,,
2024-05-29 20:00:00-04:00,1.7799999713897705,1.8799999952316284,1.7799999713897705,1.809999942779541,32400.0,,,,,,,,,,
2024-05-30 20:00:00-04:00,1.7999999523162842,1.870000004768372,1.7400000095367432,1.8200000524520876,57100.0,,,,,,,,,,
2024-06-02 20:00:00-04:00,1.8600000143051147,1.9299999475479128,1.830000042915344,1.919999957084656,46800.0,,,,,,,,,,
2024-06-03 20:00:00-04:00,1.870000004768372,1.950000047683716,1.7799999713897705,1.950000047683716,145700.0,,,,,,,,,,
2024-06-04 20:00:00-04:00,2.0299999713897705,2.039999961853028,1.7699999809265137,1.809999942779541,82700.0,,,,,,,,,,
2024-06-05 20:00:00-04:00,1.870000004768372,1.870000004768372,1.809999942779541,1.850000023841858,40300.0,,,,,,,,,,
2024-06-06 20:00:00-04:00,1.899999976158142,1.950000047683716,1.7599999904632568,1.899999976158142,155900.0,,,,,,,,,,
2024-06-09 20:00:00-04:00,1.8899999856948853,1.9900000095367432,1.690000057220459,1.7000000476837158,204200.0,,,,,,,,,,
2024-06-10 20:00:00-04:00,1.690000057220459,1.830000042915344,1.690000057220459,1.7999999523162842,29100.0,,,,,,,,,,
2024-06-11 20:00:00-04:00,1.809999942779541,1.8899999856948853,1.7899999618530271,1.870000004768372,136300.0,,,,,,,,,,
2024-06-12 20:00:00-04:00,1.830000042915344,1.8899999856948853,1.75,1.840000033378601,125000.0,,,,,,,,,,
2024-06-13 20:00:00-04:00,1.809999942779541,1.830000042915344,1.7000000476837158,1.7899999618530271,82000.0,,,,,,,,,,
2024-06-16 20:00:00-04:00,1.7699999809265137,1.8899999856948853,1.7200000286102295,1.7400000095367432,97800.0,,,,,,,,,,
2024-06-17 20:00:00-04:00,1.7699999809265137,1.7699999809265137,1.649999976158142,1.7000000476837158,98600.0,,,,,,,,,,
2024-06-19 20:00:00-04:00,1.6799999475479126,1.75,1.6799999475479126,1.690000057220459,51600.0,,,,,,,,,,
2024-06-20 20:00:00-04:00,1.7200000286102295,1.8799999952316284,1.7200000286102295,1.840000033378601,115800.0,,,,,,,,,,
2024-06-23 20:00:00-04:00,1.8200000524520876,1.950000047683716,1.7999999523162842,1.830000042915344,119100.0,,,,,,,,,,
2024-06-24 20:00:00-04:00,1.8200000524520876,2.0899999141693115,1.8200000524520876,1.9700000286102293,184400.0,,,,,,,,,,
2024-06-25 20:00:00-04:00,2.039999961853028,2.190000057220459,2.039999961853028,2.049999952316284,126500.0,,,,,,,,,,
2024-06-26 20:00:00-04:00,2.039999961853028,2.309999942779541,1.9600000381469729,2.2699999809265137,117100.0,,,,,,,,,,
2024-06-27 20:00:00-04:00,2.25,2.2799999713897705,2.0999999046325684,2.119999885559082,74700.0,,,,,,,,,,
2024-06-30 20:00:00-04:00,2.140000104904175,2.3399999141693115,2.140000104904175,2.2699999809265137,219900.0,,,,,,,,,,
2024-07-01 20:00:00-04:00,2.25,2.630000114440918,2.150000095367432,2.559999942779541,182700.0,,,,,,,,,,
2024-07-02 20:00:00-04:00,2.630000114440918,2.6700000762939453,2.380000114440918,2.559999942779541,122300.0,,,,,,,,,,
2024-07-04 20:00:00-04:00,2.5899999141693115,2.7799999713897705,2.490000009536743,2.7100000381469727,117800.0,,,,,,,,,,
2024-07-07 20:00:00-04:00,2.759999990463257,2.759999990463257,2.509999990463257,2.5999999046325684,109200.0,,,,,,,,,,
2024-07-08 20:00:00-04:00,2.650000095367432,2.680000066757202,2.470000028610229,2.5299999713897705,75900.0,,,,,,,,,,
2024-07-09 20:00:00-04:00,2.5199999809265137,2.619999885559082,2.4800000190734863,2.4800000190734863,37500.0,,,,,,,,,,
2024-07-10 20:00:00-04:00,2.559999942779541,2.7799999713897705,2.559999942779541,2.619999885559082,201600.0,,,,,,,,,,
2024-07-11 20:00:00-04:00,2.6700000762939453,2.680000066757202,2.5899999141693115,2.650000095367432,96200.0,,,,,,,,,,
2024-07-14 20:00:00-04:00,2.680000066757202,2.680000066757202,2.5,2.5799999237060547,48300.0,,,,,,,,,,
2024-07-15 20:00:00-04:00,2.5999999046325684,2.6700000762939453,2.4100000858306885,2.569999933242798,42500.0,,,,,,,,,,
2024-07-16 20:00:00-04:00,2.559999942779541,2.630000114440918,2.430000066757202,2.5899999141693115,60300.0,,,,,,,,,,
2024-07-17 20:00:00-04:00,2.5799999237060547,2.75,2.4800000190734863,2.509999990463257,42600.0,,,,,,,,,,
2024-07-18 20:00:00-04:00,2.509999990463257,2.619999885559082,2.4800000190734863,2.559999942779541,35000.0,,,,,,,,,,
2024-07-21 20:00:00-04:00,2.5899999141693115,2.609999895095825,2.4800000190734863,2.609999895095825,32300.0,,,,,,,,,,
2024-07-22 20:00:00-04:00,2.559999942779541,2.609999895095825,2.509999990463257,2.5899999141693115,31200.0,,,,,,,,,,
2024-07-23 20:00:00-04:00,2.5799999237060547,2.609999895095825,2.5299999713897705,2.5799999237060547,6100.0,,,,,,,,,,
2024-07-24 20:00:00-04:00,2.5899999141693115,2.6700000762939453,2.5299999713897705,2.549999952316284,54200.0,,,,,,,,,,
2024-07-25 20:00:00-04:00,2.5899999141693115,2.619999885559082,2.509999990463257,2.619999885559082,46500.0,,,,,,,,,,
2024-07-28 20:00:00-04:00,2.630000114440918,2.680000066757202,2.5,2.549999952316284,53100.0,,,,,,,,,,
2024-07-29 20:00:00-04:00,2.619999885559082,2.650000095367432,2.390000104904175,2.490000009536743,52800.0,,,,,,,,,,
2024-07-30 20:00:00-04:00,2.5199999809265137,2.619999885559082,2.450000047683716,2.549999952316284,41000.0,,,,,,,,,,
2024-07-31 20:00:00-04:00,2.539999961853028,2.5899999141693115,2.470000028610229,2.5199999809265137,58400.0,,,,,,,,,,
2024-08-01 20:00:00-04:00,2.4600000381469727,2.549999952316284,2.4100000858306885,2.5,41700.0,,,,,,,,,,
2024-08-04 20:00:00-04:00,2.549999952316284,2.549999952316284,2.3499999046325684,2.450000047683716,81100.0,,,,,,,,,,
2024-08-05 20:00:00-04:00,2.4800000190734863,2.5,2.190000057220459,2.4600000381469727,222300.0,,,,,,,,,,
2024-08-06 20:00:00-04:00,2.490000009536743,2.5999999046325684,2.359999895095825,2.5299999713897705,154700.0,,,,,,,,,,
2024-08-07 20:00:00-04:00,2.619999885559082,2.8299999237060547,2.5999999046325684,2.700000047683716,254000.0,,,,,,,,,,
2024-08-08 20:00:00-04:00,2.720000028610229,2.819999933242798,2.5999999046325684,2.7100000381469727,82500.0,,,,,,,,,,
2024-08-11 20:00:00-04:00,2.720000028610229,2.720000028610229,2.549999952316284,2.5899999141693115,39200.0,,,,,,,,,,
2024-08-12 20:00:00-04:00,2.690000057220459,2.690000057220459,2.5999999046325684,2.630000114440918,14200.0,,,,,,,,,,
2024-08-13 20:00:00-04:00,2.619999885559082,2.680000066757202,2.509999990463257,2.5999999046325684,59100.0,,,,,,,,,,
2024-08-14 20:00:00-04:00,2.650000095367432,2.720000028610229,2.559999942779541,2.6600000858306885,107200.0,,,,,,,,,,
2024-08-15 20:00:00-04:00,2.6600000858306885,2.7699999809265137,2.630000114440918,2.740000009536743,91900.0,,,,,,,,,,
2024-08-18 20:00:00-04:00,2.7100000381469727,2.8499999046325684,2.650000095367432,2.700000047683716,106200.0,,,,,,,,,,
2024-08-19 20:00:00-04:00,2.680000066757202,2.819999933242798,2.6600000858306885,2.7300000190734863,103300.0,,,,,,,,,,
2024-08-20 20:00:00-04:00,2.75,2.8499999046325684,2.700000047683716,2.809999942779541,224200.0,,,,,,,,,,
2024-08-21 20:00:00-04:00,2.789999961853028,3.049999952316284,2.7699999809265137,3.0,185200.0,,,,,,,,,,
2024-08-22 20:00:00-04:00,2.970000028610229,3.049999952316284,2.869999885559082,2.900000095367432,139900.0,,,,,,,,,,
2024-08-25 20:00:00-04:00,2.890000104904175,3.140000104904175,2.890000104904175,3.049999952316284,94400.0,,,,,,,,,,
2024-08-26 20:00:00-04:00,3.0899999141693115,3.0899999141693115,2.8399999141693115,3.009999990463257,67300.0,,,,,,,,,,
2024-08-27 20:00:00-04:00,2.990000009536743,3.059999942779541,2.869999885559082,2.900000095367432,71400.0,,,,,,,,,,
2024-08-28 20:00:00-04:00,2.900000095367432,3.0899999141693115,2.900000095367432,2.970000028610229,44200.0,,,,,,,,,,
2024-08-29 20:00:00-04:00,3.0,3.119999885559082,2.9600000381469727,3.119999885559082,56800.0,,,,,,,,,,
2024-09-02 20:00:00-04:00,3.0899999141693115,3.140000104904175,2.930000066757202,3.009999990463257,88600.0,,,,,,,,,,
2024-09-03 20:00:00-04:00,2.9800000190734863,3.0899999141693115,2.890000104904175,2.950000047683716,79700.0,,,,,,,,,,
2024-09-04 20:00:00-04:00,2.930000066757202,3.109999895095825,2.7100000381469727,2.970000028610229,104500.0,,,,,,,,,,
2024-09-05 20:00:00-04:00,2.970000028610229,3.059999942779541,2.8399999141693115,3.0199999809265137,55200.0,,,,,,,,,,
2024-09-08 20:00:00-04:00,3.059999942779541,3.059999942779541,2.9600000381469727,3.0299999713897705,38000.0,,,,,,,,,,
2024-09-09 20:00:00-04:00,3.0299999713897705,3.3399999141693115,3.0,3.2799999713897705,203300.0,,,,,,,,,,
2024-09-10 20:00:00-04:00,3.25,3.400000095367432,3.2100000381469727,3.319999933242798,96300.0,,,,,,,,,,
2024-09-11 20:00:00-04:00,3.309999942779541,3.5799999237060547,3.309999942779541,3.3299999237060547,252300.0,,,,,,,,,,
2024-09-12 20:00:00-04:00,3.3499999046325684,3.539999961853028,3.319999933242798,3.539999961853028,101300.0,,,,,,,,,,
2024-09-15 20:00:00-04:00,3.5199999809265137,3.539999961853028,3.4600000381469727,3.4800000190734863,74200.0,,,,,,,,,,
2024-09-16 20:00:00-04:00,3.5199999809265137,3.5199999809265137,3.4200000762939453,3.430000066757202,39300.0,,,,,,,,,,
2024-09-17 20:00:00-04:00,3.5,3.5199999809265137,3.4200000762939453,3.430000066757202,69700.0,,,,,,,,,,
2024-09-18 20:00:00-04:00,3.539999961853028,3.539999961853028,3.4600000381469727,3.490000009536743,74500.0,,,,,,,,,,
2024-09-19 20:00:00-04:00,3.5,3.539999961853028,3.3499999046325684,3.4800000190734863,235600.0,,,,,,,,,,
2024-09-22 20:00:00-04:00,3.470000028610229,3.4800000190734863,3.4200000762939453,3.4600000381469727,35600.0,,,,,,,,,,
2024-09-23 20:00:00-04:00,3.470000028610229,3.5,3.4100000858306885,3.450000047683716,53100.0,,,,,,,,,,
2024-09-24 20:00:00-04:00,3.430000066757202,3.549999952316284,3.430000066757202,3.490000009536743,76800.0,,,,,,,,,,
2024-09-25 20:00:00-04:00,3.5299999713897705,3.549999952316284,3.4800000190734863,3.549999952316284,94600.0,,,,,,,,,,
2024-09-26 20:00:00-04:00,3.5799999237060547,3.700000047683716,3.509999990463257,3.539999961853028,120200.0,,,,,,,,,,
2024-09-29 20:00:00-04:00,3.569999933242798,3.5799999237060547,3.5199999809265137,3.559999942779541,38200.0,,,,,,,,,,
2024-09-30 20:00:00-04:00,3.5999999046325684,3.619999885559082,3.470000028610229,3.549999952316284,108900.0,,,,,,,,,,
2024-10-01 20:00:00-04:00,3.539999961853028,3.5899999141693115,3.5,3.549999952316284,53500.0,,,,,,,,,,
2024-10-02 20:00:00-04:00,3.5,3.5999999046325684,3.5,3.549999952316284,65300.0,,,,,,,,,,
2024-10-03 20:00:00-04:00,3.559999942779541,3.75,3.5299999713897705,3.75,111800.0,,,,,,,,,,
2024-10-06 20:00:00-04:00,3.670000076293945,3.880000114440918,3.630000114440918,3.799999952316284,157000.0,,,,,,,,,,
2024-10-07 20:00:00-04:00,3.829999923706055,3.9600000381469727,3.809999942779541,3.869999885559082,153200.0,,,,,,,,,,
2024-10-08 20:00:00-04:00,3.910000085830689,4.0,3.819999933242798,4.0,209900.0,,,,,,,,,,
2024-10-09 20:00:00-04:00,3.990000009536743,4.039999961853027,3.740000009536743,3.7699999809265137,192700.0,,,,,,,,,,
2024-10-10 20:00:00-04:00,3.759999990463257,3.829999923706055,3.7100000381469727,3.7699999809265137,68200.0,,,,,,,,,,
2024-10-13 20:00:00-04:00,3.819999933242798,3.910000085830689,3.759999990463257,3.7799999713897705,145100.0,,,,,,,,,,
2024-10-14 20:00:00-04:00,3.7799999713897705,3.819999933242798,3.670000076293945,3.680000066757202,113700.0,,,,,,,,,,
2024-10-15 20:00:00-04:00,3.680000066757202,3.869999885559082,3.680000066757202,3.740000009536743,120500.0,,,,,,,,,,
2024-10-16 20:00:00-04:00,3.7699999809265137,3.869999885559082,3.700000047683716,3.740000009536743,103300.0,,,,,,,,,,
2024-10-17 20:00:00-04:00,3.75,3.819999933242798,3.690000057220459,3.799999952316284,49300.0,,,,,,,,,,
2024-10-20 20:00:00-04:00,3.799999952316284,3.849999904632568,3.740000009536743,3.849999904632568,87100.0,,,,,,,,,,
2024-10-21 20:00:00-04:00,3.829999923706055,3.859999895095825,3.7300000190734863,3.7899999618530273,70900.0,,,,,,,,,,
2024-10-22 20:00:00-04:00,3.7799999713897705,3.809999942779541,3.7200000286102295,3.7699999809265137,41900.0,,,,,,,,,,
2024-10-23 20:00:00-04:00,3.7799999713897705,3.859999895095825,3.7799999713897705,3.849999904632568,48900.0,,,,,,,,,,
2024-10-24 20:00:00-04:00,3.819999933242798,3.900000095367432,3.799999952316284,3.890000104904175,61200.0,,,,,,,,,,
2024-10-27 20:00:00-04:00,3.880000114440918,3.940000057220459,3.670000076293945,3.690000057220459,201300.0,,,,,,,,,,
2024-10-28 20:00:00-04:00,3.690000057220459,3.930000066757202,3.690000057220459,3.880000114440918,111400.0,,,,,,,,,,
2024-10-29 20:00:00-04:00,3.849999904632568,3.940000057220459,3.619999885559082,3.619999885559082,150900.0,,,,,,,,,,
2024-10-30 20:00:00-04:00,3.630000114440918,3.7699999809265137,3.5799999237060547,3.7200000286102295,57900.0,,,,,,,,,,
2024-10-31 20:00:00-04:00,3.690000057220459,3.7699999809265137,3.619999885559082,3.630000114440918,134100.0,,,,,,,,,,
2024-11-03 19:00:00-05:00,3.619999885559082,3.690000057220459,3.5199999809265137,3.5799999237060547,107500.0,,,,,,,,,,
2024-11-04 19:00:00-05:00,3.680000066757202,3.700000047683716,3.5999999046325684,3.670000076293945,98000.0,,,,,,,,,,
2024-11-05 19:00:00-05:00,3.7100000381469727,3.75,3.559999942779541,3.569999933242798,159500.0,,,,,,,,,,
2024-11-06 19:00:00-05:00,3.5999999046325684,3.740000009536743,3.5999999046325684,3.680000066757202,84300.0,,,,,,,,,,
2024-11-07 19:00:00-05:00,3.640000104904175,3.7799999713897705,3.640000104904175,3.7300000190734863,113500.0,,,,,,,,,,
2024-11-10 19:00:00-05:00,3.740000009536743,3.829999923706055,3.700000047683716,3.7899999618530273,51900.0,,,,,,,,,,
2024-11-11 19:00:00-05:00,3.7899999618530273,3.900000095367432,3.7699999809265137,3.869999885559082,98000.0,,,,,,,,,,
2024-11-12 19:00:00-05:00,3.880000114440918,3.950000047683716,3.859999895095825,3.910000085830689,49600.0,,,,,,,,,,
2024-11-13 19:00:00-05:00,3.910000085830689,3.990000009536743,3.839999914169312,3.880000114440918,51600.0,,,,,,,,,,
2024-11-14 19:00:00-05:00,3.809999942779541,3.920000076293945,3.799999952316284,3.869999885559082,50900.0,,,,,,,,,,
2024-11-17 19:00:00-05:00,3.869999885559082,3.950000047683716,3.819999933242798,3.839999914169312,54900.0,,,,,,,,,,
2024-11-18 19:00:00-05:00,3.799999952316284,3.880000114440918,3.740000009536743,3.819999933242798,95000.0,,,,,,,,,,
2024-11-19 19:00:00-05:00,3.839999914169312,3.940000057220459,3.759999990463257,3.849999904632568,89200.0,,,,,,,,,,
2024-11-20 19:00:00-05:00,3.819999933242798,3.900000095367432,3.7100000381469727,3.7200000286102295,137800.0,,,,,,,,,,
2024-11-21 19:00:00-05:00,3.7300000190734863,3.849999904632568,3.7200000286102295,3.7699999809265137,99000.0,,,,,,,,,,
2024-11-24 19:00:00-05:00,3.7899999618530273,3.900000095367432,3.759999990463257,3.759999990463257,95500.0,,,,,,,,,,
2024-11-25 19:00:00-05:00,3.7699999809265137,3.849999904632568,3.7699999809265137,3.839999914169312,65800.0,,,,,,,,,,
2024-11-26 19:00:00-05:00,3.849999904632568,3.920000076293945,3.7799999713897705,3.7899999618530273,51400.0,,,,,,,,,,
2024-11-28 19:00:00-05:00,3.829999923706055,3.829999923706055,3.7799999713897705,3.7799999713897705,47900.0,,,,,,,,,,
2024-12-01 19:00:00-05:00,3.799999952316284,3.799999952316284,3.650000095367432,3.7699999809265137,75900.0,,,,,,,,,,
2024-12-02 19:00:00-05:00,3.759999990463257,3.799999952316284,3.7100000381469727,3.7799999713897705,44100.0,,,,,,,,,,
2024-12-03 19:00:00-05:00,3.829999923706055,3.900000095367432,3.75,3.839999914169312,63200.0,,,,,,,,,,
2024-12-04 19:00:00-05:00,3.839999914169312,3.9700000286102295,3.839999914169312,3.930000066757202,53400.0,,,,,,,,,,
2024-12-05 19:00:00-05:00,3.9600000381469727,3.9800000190734863,3.880000114440918,3.900000095367432,60400.0,,,,,,,,,,
2024-12-08 19:00:00-05:00,3.900000095367432,4.039999961853027,3.809999942779541,3.950000047683716,328700.0,,,,,,,,,,
2024-12-09 19:00:00-05:00,3.430000066757202,3.539999961853028,3.150000095367432,3.1600000858306885,521500.0,,,,,,,,,,
2024-12-10 19:00:00-05:00,3.180000066757202,3.180000066757202,2.5299999713897705,2.650000095367432,618800.0,,,,,,,,,,
2024-12-11 19:00:00-05:00,2.5999999046325684,2.75,2.4800000190734863,2.5899999141693115,304300.0,,,,,,,,,,
2024-12-12 19:00:00-05:00,2.640000104904175,2.7300000190734863,2.549999952316284,2.700000047683716,240300.0,,,,,,,,,,
2024-12-15 19:00:00-05:00,2.809999942779541,2.880000114440918,2.609999895095825,2.640000104904175,235000.0,,,,,,,,,,
2024-12-16 19:00:00-05:00,2.619999885559082,2.700000047683716,2.5199999809265137,2.569999933242798,127600.0,,,,,,,,,,
2024-12-17 19:00:00-05:00,2.5199999809265137,2.640000104904175,2.400000095367432,2.450000047683716,287000.0,,,,,,,,,,
2024-12-18 19:00:00-05:00,2.450000047683716,2.569999933242798,2.380000114440918,2.430000066757202,152800.0,,,,,,,,,,
2024-12-19 19:00:00-05:00,2.4100000858306885,2.549999952316284,2.380000114440918,2.539999961853028,119500.0,,,,,,,,,,
2024-12-22 19:00:00-05:00,2.690000057220459,2.700000047683716,2.5,2.609999895095825,276700.0,,,,,,,,,,
2024-12-23 19:00:00-05:00,2.619999885559082,2.680000066757202,2.5,2.569999933242798,115800.0,,,,,,,,,,
2024-12-25 19:00:00-05:00,2.569999933242798,2.789999961853028,2.5199999809265137,2.7799999713897705,262500.0,,,,,,,,,,
2024-12-26 19:00:00-05:00,2.75,2.759999990463257,2.5999999046325684,2.5999999046325684,214300.0,,,,,,,,,,
2024-12-27 00:00:00+00:00,,,,,,2.5999999046325684,2.5999999046325684,2.759999990463257,2.5999999046325684,2.75,214300.0,,,,
