Date,Open,High,Low,Close,Volume,"('Adj Close', 'JOE')","('Close', 'JOE')","('High', 'JOE')","('Low', 'JOE')","('Open', 'JOE')","('Volume', 'JOE')","('EMA5', '')","('EMA21', '')","('EMA26', '')","('ATR50', '')"
2024-01-01 19:00:00-05:00,60.060001373291016,60.58000183105469,58.220001220703125,58.83000183105469,170600.0,,,,,,,,,,
2024-01-02 19:00:00-05:00,58.31999969482422,58.47999954223633,56.790000915527344,57.84000015258789,177200.0,,,,,,,,,,
2024-01-03 19:00:00-05:00,57.7599983215332,58.81999969482422,57.40999984741211,57.52000045776367,143700.0,,,,,,,,,,
2024-01-04 19:00:00-05:00,57.130001068115234,58.15999984741211,57.02000045776367,57.43000030517578,120900.0,,,,,,,,,,
2024-01-07 19:00:00-05:00,57.59000015258789,58.790000915527344,57.2400016784668,58.650001525878906,166100.0,,,,,,,,,,
2024-01-08 19:00:00-05:00,57.720001220703125,57.97999954223633,56.90999984741211,56.97999954223633,161700.0,,,,,,,,,,
2024-01-09 19:00:00-05:00,56.70000076293945,57.43000030517578,56.130001068115234,57.09000015258789,181900.0,,,,,,,,,,
2024-01-10 19:00:00-05:00,56.7400016784668,56.97999954223633,55.59999847412109,56.13999938964844,169100.0,,,,,,,,,,
2024-01-11 19:00:00-05:00,56.900001525878906,56.95000076293945,55.7599983215332,56.369998931884766,114600.0,,,,,,,,,,
2024-01-15 19:00:00-05:00,55.619998931884766,55.77999877929688,54.77999877929688,55.060001373291016,111900.0,,,,,,,,,,
2024-01-16 19:00:00-05:00,54.29999923706055,54.4900016784668,53.470001220703125,53.56999969482422,160100.0,,,,,,,,,,
2024-01-17 19:00:00-05:00,53.72999954223633,54.52000045776367,53.18000030517578,54.41999816894531,111000.0,,,,,,,,,,
2024-01-18 19:00:00-05:00,54.630001068115234,56.5099983215332,54.20000076293945,56.38999938964844,185300.0,,,,,,,,,,
2024-01-21 19:00:00-05:00,56.720001220703125,58.130001068115234,56.720001220703125,57.52999877929688,267700.0,,,,,,,,,,
2024-01-22 19:00:00-05:00,58.119998931884766,58.119998931884766,56.13999938964844,56.97999954223633,111100.0,,,,,,,,,,
2024-01-23 19:00:00-05:00,57.75,57.869998931884766,55.540000915527344,55.66999816894531,127000.0,,,,,,,,,,
2024-01-24 19:00:00-05:00,56.7599983215332,56.95000076293945,55.84999847412109,56.58000183105469,103200.0,,,,,,,,,,
2024-01-25 19:00:00-05:00,57.0,57.18000030517578,56.09999847412109,56.18000030517578,95200.0,,,,,,,,,,
2024-01-28 19:00:00-05:00,56.119998931884766,56.84999847412109,56.02999877929688,56.68999862670898,123500.0,,,,,,,,,,
2024-01-29 19:00:00-05:00,56.369998931884766,56.5,55.70000076293945,55.880001068115234,107500.0,,,,,,,,,,
2024-01-30 19:00:00-05:00,56.02000045776367,57.04999923706055,55.130001068115234,55.20000076293945,133400.0,,,,,,,,,,
2024-01-31 19:00:00-05:00,55.5,56.70000076293945,55.33000183105469,56.68000030517578,125100.0,,,,,,,,,,
2024-02-01 19:00:00-05:00,56.25,56.77000045776367,55.400001525878906,56.36000061035156,131400.0,,,,,,,,,,
2024-02-04 19:00:00-05:00,55.650001525878906,55.650001525878906,54.630001068115234,54.650001525878906,123000.0,,,,,,,,,,
2024-02-05 19:00:00-05:00,54.70000076293945,55.63999938964844,54.34999847412109,54.880001068115234,88600.0,,,,,,,,,,
2024-02-06 19:00:00-05:00,54.880001068115234,54.880001068115234,53.59999847412109,54.400001525878906,240700.0,,,,,,,,,,
2024-02-07 19:00:00-05:00,54.56999969482422,55.209999084472656,54.369998931884766,54.810001373291016,222600.0,,,,,,,,,,
2024-02-08 19:00:00-05:00,54.630001068115234,55.36000061035156,53.79999923706055,54.93000030517578,249400.0,,,,,,,,,,
2024-02-11 19:00:00-05:00,55.25,57.540000915527344,55.0,56.56999969482422,172300.0,,,,,,,,,,
2024-02-12 19:00:00-05:00,54.70000076293945,55.29999923706055,52.880001068115234,53.34999847412109,230300.0,,,,,,,,,,
2024-02-13 19:00:00-05:00,54.04999923706055,54.61000061035156,53.34000015258789,54.33000183105469,239700.0,,,,,,,,,,
2024-02-14 19:00:00-05:00,55.040000915527344,55.540000915527344,54.400001525878906,54.95000076293945,233300.0,,,,,,,,,,
2024-02-15 19:00:00-05:00,54.34999847412109,54.61000061035156,53.83000183105469,53.97999954223633,200600.0,,,,,,,,,,
2024-02-19 19:00:00-05:00,53.56999969482422,54.650001525878906,53.56999969482422,54.15999984741211,301100.0,,,,,,,,,,
2024-02-20 19:00:00-05:00,54.650001525878906,55.4900016784668,54.650001525878906,55.150001525878906,245300.0,,,,,,,,,,
2024-02-21 19:00:00-05:00,55.0,56.79999923706055,54.77000045776367,55.970001220703125,363900.0,,,,,,,,,,
2024-02-22 19:00:00-05:00,56.09000015258789,56.09000015258789,54.650001525878906,55.02000045776367,165800.0,,,,,,,,,,
2024-02-25 19:00:00-05:00,54.75,55.08000183105469,54.20000076293945,54.29999923706055,129200.0,,,,,,,,,,
2024-02-26 19:00:00-05:00,54.45000076293945,55.060001373291016,53.75,53.93999862670898,243600.0,,,,,,,,,,
2024-02-27 19:00:00-05:00,53.43000030517578,54.150001525878906,53.04999923706055,53.22999954223633,137700.0,,,,,,,,,,
2024-02-28 19:00:00-05:00,53.90999984741211,54.16999816894531,53.2400016784668,53.869998931884766,144400.0,,,,,,,,,,
2024-02-29 19:00:00-05:00,53.75,54.47999954223633,53.04999923706055,54.0,243400.0,,,,,,,,,,
2024-03-03 19:00:00-05:00,54.18999862670898,54.84000015258789,53.060001373291016,53.2400016784668,244700.0,,,,,,,,,,
2024-03-04 19:00:00-05:00,53.02000045776367,53.380001068115234,51.7400016784668,51.81999969482422,190700.0,,,,,,,,,,
2024-03-05 19:00:00-05:00,52.47999954223633,52.7400016784668,51.810001373291016,51.88999938964844,145400.0,,,,,,,,,,
2024-03-06 19:00:00-05:00,52.0,52.810001373291016,51.93999862670898,52.790000915527344,108600.0,,,,,,,,,,
2024-03-07 19:00:00-05:00,53.34999847412109,53.86000061035156,53.09999847412109,53.79999923706055,117600.0,,,,,,,,,,
2024-03-10 20:00:00-04:00,53.650001525878906,54.0,53.16999816894531,53.790000915527344,116800.0,,,,,,,,,,
2024-03-11 20:00:00-04:00,53.63999938964844,54.34000015258789,53.36000061035156,54.29999923706055,160000.0,,,,,,,,,,
2024-03-12 20:00:00-04:00,54.369998931884766,54.84999847412109,53.900001525878906,54.09000015258789,155300.0,,,,,,,,,,
2024-03-13 20:00:00-04:00,54.06999969482422,54.290000915527344,51.9900016784668,52.2599983215332,177500.0,,,,,,,,,,
2024-03-14 20:00:00-04:00,52.0,52.84000015258789,51.95000076293945,52.72999954223633,328400.0,,,,,,,,,,
2024-03-17 20:00:00-04:00,52.810001373291016,53.119998931884766,52.34999847412109,52.72999954223633,154100.0,,,,,,,,,,
2024-03-18 20:00:00-04:00,52.68000030517578,53.810001373291016,52.68000030517578,53.650001525878906,147000.0,,,,,,,,,,
2024-03-19 20:00:00-04:00,53.43999862670898,54.93999862670898,53.38999938964844,54.560001373291016,138800.0,,,,,,,,,,
2024-03-20 20:00:00-04:00,55.0,57.29999923706055,54.68000030517578,57.11000061035156,258500.0,,,,,,,,,,
2024-03-21 20:00:00-04:00,56.959999084472656,57.290000915527344,55.02000045776367,55.09999847412109,201900.0,,,,,,,,,,
2024-03-24 20:00:00-04:00,55.59999847412109,56.369998931884766,55.459999084472656,55.91999816894531,153100.0,,,,,,,,,,
2024-03-25 20:00:00-04:00,56.2400016784668,56.27000045776367,55.2400016784668,55.970001220703125,169800.0,,,,,,,,,,
2024-03-26 20:00:00-04:00,56.5,57.54999923706055,56.22999954223633,57.38999938964844,257800.0,,,,,,,,,,
2024-03-27 20:00:00-04:00,57.45000076293945,59.29999923706055,57.43000030517578,57.970001220703125,313000.0,,,,,,,,,,
2024-03-31 20:00:00-04:00,57.959999084472656,58.13999938964844,57.09000015258789,57.47999954223633,267600.0,,,,,,,,,,
2024-04-01 20:00:00-04:00,57.0,57.130001068115234,55.29999923706055,55.68999862670898,276000.0,,,,,,,,,,
2024-04-02 20:00:00-04:00,55.27999877929688,57.70000076293945,55.27999877929688,57.5099983215332,239000.0,,,,,,,,,,
2024-04-03 20:00:00-04:00,58.150001525878906,58.58000183105469,55.97999954223633,56.34999847412109,225100.0,,,,,,,,,,
2024-04-04 20:00:00-04:00,56.09999847412109,57.119998931884766,56.09999847412109,57.06999969482422,252100.0,,,,,,,,,,
2024-04-07 20:00:00-04:00,58.02999877929688,58.38999938964844,57.45000076293945,57.97999954223633,141400.0,,,,,,,,,,
2024-04-08 20:00:00-04:00,58.09999847412109,59.38999938964844,57.880001068115234,59.09999847412109,143200.0,,,,,,,,,,
2024-04-09 20:00:00-04:00,57.13999938964844,57.709999084472656,56.060001373291016,56.5099983215332,268500.0,,,,,,,,,,
2024-04-10 20:00:00-04:00,57.0099983215332,57.880001068115234,56.70000076293945,57.54999923706055,125100.0,,,,,,,,,,
2024-04-11 20:00:00-04:00,56.869998931884766,57.52999877929688,56.34999847412109,56.88999938964844,153100.0,,,,,,,,,,
2024-04-14 20:00:00-04:00,57.7599983215332,57.790000915527344,55.81999969482422,56.33000183105469,200700.0,,,,,,,,,,
2024-04-15 20:00:00-04:00,55.75,56.08000183105469,54.72999954223633,55.720001220703125,225400.0,,,,,,,,,,
2024-04-16 20:00:00-04:00,56.15999984741211,56.15999984741211,54.470001220703125,54.65999984741211,163700.0,,,,,,,,,,
2024-04-17 20:00:00-04:00,54.81999969482422,55.40999984741211,54.15999984741211,54.220001220703125,190600.0,,,,,,,,,,
2024-04-18 20:00:00-04:00,53.93999862670898,55.2599983215332,53.93999862670898,54.880001068115234,211100.0,,,,,,,,,,
2024-04-21 20:00:00-04:00,55.0,56.150001525878906,54.65999984741211,56.06999969482422,170300.0,,,,,,,,,,
2024-04-22 20:00:00-04:00,56.09000015258789,57.27999877929688,56.09000015258789,57.02999877929688,159800.0,,,,,,,,,,
2024-04-23 20:00:00-04:00,56.7400016784668,57.5,56.7400016784668,56.86000061035156,167200.0,,,,,,,,,,
2024-04-24 20:00:00-04:00,57.43000030517578,58.59999847412109,56.29999923706055,57.810001373291016,241400.0,,,,,,,,,,
2024-04-25 20:00:00-04:00,57.810001373291016,59.83000183105469,57.810001373291016,58.52999877929688,220600.0,,,,,,,,,,
2024-04-28 20:00:00-04:00,59.0,59.40999984741211,58.52000045776367,58.61000061035156,116000.0,,,,,,,,,,
2024-04-29 20:00:00-04:00,58.02000045776367,58.38999938964844,57.09999847412109,57.20000076293945,199700.0,,,,,,,,,,
2024-04-30 20:00:00-04:00,57.06999969482422,58.119998931884766,56.630001068115234,56.959999084472656,148400.0,,,,,,,,,,
2024-05-01 20:00:00-04:00,57.81999969482422,58.09000015258789,57.209999084472656,57.79999923706055,144200.0,,,,,,,,,,
2024-05-02 20:00:00-04:00,59.08000183105469,59.27000045776367,57.9900016784668,58.84000015258789,179800.0,,,,,,,,,,
2024-05-05 20:00:00-04:00,59.18000030517578,59.61000061035156,58.75,58.84999847412109,138400.0,,,,,,,,,,
2024-05-06 20:00:00-04:00,58.84000015258789,59.43000030517578,57.9900016784668,58.09000015258789,504100.0,,,,,,,,,,
2024-05-07 20:00:00-04:00,57.310001373291016,57.75,56.84000015258789,57.54999923706055,119600.0,,,,,,,,,,
2024-05-08 20:00:00-04:00,57.709999084472656,59.29999923706055,57.59999847412109,59.040000915527344,172100.0,,,,,,,,,,
2024-05-09 20:00:00-04:00,59.150001525878906,59.150001525878906,58.060001373291016,58.470001220703125,125500.0,,,,,,,,,,
2024-05-12 20:00:00-04:00,59.08000183105469,59.58000183105469,57.709999084472656,57.93999862670898,98700.0,,,,,,,,,,
2024-05-13 20:00:00-04:00,58.59999847412109,58.9900016784668,57.869998931884766,58.400001525878906,123700.0,,,,,,,,,,
2024-05-14 20:00:00-04:00,59.0,59.25,58.25,58.59000015258789,469800.0,,,,,,,,,,
2024-05-15 20:00:00-04:00,58.75,59.0099983215332,58.20000076293945,58.2599983215332,161600.0,,,,,,,,,,
2024-05-16 20:00:00-04:00,58.45000076293945,58.65999984741211,57.869998931884766,58.220001220703125,200400.0,,,,,,,,,,
2024-05-19 20:00:00-04:00,58.08000183105469,58.52999877929688,57.38999938964844,58.459999084472656,236600.0,,,,,,,,,,
2024-05-20 20:00:00-04:00,58.31999969482422,58.560001373291016,57.369998931884766,58.130001068115234,138300.0,,,,,,,,,,
2024-05-21 20:00:00-04:00,57.959999084472656,58.150001525878906,57.380001068115234,57.4900016784668,170400.0,,,,,,,,,,
2024-05-22 20:00:00-04:00,57.630001068115234,57.83000183105469,55.040000915527344,55.54999923706055,257500.0,,,,,,,,,,
2024-05-23 20:00:00-04:00,56.0,56.400001525878906,55.7599983215332,56.290000915527344,143800.0,,,,,,,,,,
2024-05-27 20:00:00-04:00,56.869998931884766,56.900001525878906,54.720001220703125,55.400001525878906,173400.0,,,,,,,,,,
2024-05-28 20:00:00-04:00,54.72999954223633,54.959999084472656,54.20000076293945,54.310001373291016,192900.0,,,,,,,,,,
2024-05-29 20:00:00-04:00,54.72999954223633,55.43999862670898,54.400001525878906,55.40999984741211,151600.0,,,,,,,,,,
2024-05-30 20:00:00-04:00,55.7400016784668,56.869998931884766,55.20000076293945,56.59999847412109,215400.0,,,,,,,,,,
2024-06-02 20:00:00-04:00,57.369998931884766,57.369998931884766,55.58000183105469,56.119998931884766,102000.0,,,,,,,,,,
2024-06-03 20:00:00-04:00,55.65999984741211,56.0,55.31999969482422,55.47999954223633,102400.0,,,,,,,,,,
2024-06-04 20:00:00-04:00,55.790000915527344,56.66999816894531,55.41999816894531,56.58000183105469,95000.0,,,,,,,,,,
2024-06-05 20:00:00-04:00,56.220001220703125,56.4900016784668,55.41999816894531,55.869998931884766,114100.0,,,,,,,,,,
2024-06-06 20:00:00-04:00,55.09999847412109,55.65999984741211,54.68999862670898,54.9900016784668,106200.0,,,,,,,,,,
2024-06-09 20:00:00-04:00,54.20000076293945,54.63999938964844,53.25,54.47999954223633,242900.0,,,,,,,,,,
2024-06-10 20:00:00-04:00,54.119998931884766,54.400001525878906,53.47999954223633,54.150001525878906,122300.0,,,,,,,,,,
2024-06-11 20:00:00-04:00,55.77999877929688,56.58000183105469,54.95000076293945,55.209999084472656,121500.0,,,,,,,,,,
2024-06-12 20:00:00-04:00,55.20000076293945,55.20000076293945,54.150001525878906,54.45000076293945,120800.0,,,,,,,,,,
2024-06-13 20:00:00-04:00,53.63999938964844,54.18999862670898,53.09999847412109,54.0,149500.0,,,,,,,,,,
2024-06-16 20:00:00-04:00,53.59000015258789,53.959999084472656,52.88999938964844,53.79999923706055,106900.0,,,,,,,,,,
2024-06-17 20:00:00-04:00,53.650001525878906,54.08000183105469,53.2400016784668,53.31999969482422,115200.0,,,,,,,,,,
2024-06-19 20:00:00-04:00,53.0,53.43000030517578,52.59000015258789,53.22999954223633,151100.0,,,,,,,,,,
2024-06-20 20:00:00-04:00,53.25,53.709999084472656,52.900001525878906,53.27999877929688,384400.0,,,,,,,,,,
2024-06-23 20:00:00-04:00,53.459999084472656,53.93000030517578,53.15999984741211,53.209999084472656,106800.0,,,,,,,,,,
2024-06-24 20:00:00-04:00,53.02999877929688,53.09999847412109,52.27000045776367,52.560001373291016,94900.0,,,,,,,,,,
2024-06-25 20:00:00-04:00,52.25,53.11000061035156,51.65999984741211,53.08000183105469,133500.0,,,,,,,,,,
2024-06-26 20:00:00-04:00,53.45000076293945,53.93000030517578,52.959999084472656,53.7400016784668,113300.0,,,,,,,,,,
2024-06-27 20:00:00-04:00,54.11000061035156,54.77000045776367,53.59999847412109,54.70000076293945,622800.0,,,,,,,,,,
2024-06-30 20:00:00-04:00,54.70000076293945,54.77000045776367,53.18999862670898,53.93000030517578,132800.0,,,,,,,,,,
2024-07-01 20:00:00-04:00,54.040000915527344,54.4900016784668,53.95000076293945,54.0,135700.0,,,,,,,,,,
2024-07-02 20:00:00-04:00,53.90999984741211,54.540000915527344,53.810001373291016,54.08000183105469,47400.0,,,,,,,,,,
2024-07-04 20:00:00-04:00,53.790000915527344,54.0,53.33000183105469,53.5099983215332,125600.0,,,,,,,,,,
2024-07-07 20:00:00-04:00,54.040000915527344,54.41999816894531,53.310001373291016,53.310001373291016,131800.0,,,,,,,,,,
2024-07-08 20:00:00-04:00,53.08000183105469,53.29999923706055,52.52999877929688,52.59000015258789,110500.0,,,,,,,,,,
2024-07-09 20:00:00-04:00,53.040000915527344,53.91999816894531,52.86000061035156,53.900001525878906,123100.0,,,,,,,,,,
2024-07-10 20:00:00-04:00,55.40999984741211,56.810001373291016,54.83000183105469,56.43000030517578,159000.0,,,,,,,,,,
2024-07-11 20:00:00-04:00,57.060001373291016,58.34999847412109,57.0099983215332,57.95000076293945,135700.0,,,,,,,,,,
2024-07-14 20:00:00-04:00,58.560001373291016,59.29999923706055,58.20000076293945,58.869998931884766,154300.0,,,,,,,,,,
2024-07-15 20:00:00-04:00,59.310001373291016,61.95000076293945,59.29999923706055,61.720001220703125,259700.0,,,,,,,,,,
2024-07-16 20:00:00-04:00,61.27000045776367,62.45000076293945,61.02999877929688,62.02999877929688,205600.0,,,,,,,,,,
2024-07-17 20:00:00-04:00,61.459999084472656,63.310001373291016,60.7400016784668,60.84000015258789,164600.0,,,,,,,,,,
2024-07-18 20:00:00-04:00,60.88999938964844,61.33000183105469,60.150001525878906,60.650001525878906,147100.0,,,,,,,,,,
2024-07-21 20:00:00-04:00,60.650001525878906,61.5099983215332,60.16999816894531,61.43000030517578,128700.0,,,,,,,,,,
2024-07-22 20:00:00-04:00,60.84999847412109,63.04999923706055,60.52999877929688,62.47999954223633,169000.0,,,,,,,,,,
2024-07-23 20:00:00-04:00,61.9900016784668,63.5099983215332,60.709999084472656,61.09000015258789,217500.0,,,,,,,,,,
2024-07-24 20:00:00-04:00,61.13999938964844,64.69000244140625,61.0,63.59999847412109,302700.0,,,,,,,,,,
2024-07-25 20:00:00-04:00,64.4800033569336,64.69000244140625,62.970001220703125,63.70000076293945,235200.0,,,,,,,,,,
2024-07-28 20:00:00-04:00,63.709999084472656,63.709999084472656,62.58000183105469,62.619998931884766,192600.0,,,,,,,,,,
2024-07-29 20:00:00-04:00,62.880001068115234,63.0099983215332,61.68000030517578,62.2599983215332,201500.0,,,,,,,,,,
2024-07-30 20:00:00-04:00,62.33000183105469,62.900001525878906,61.52000045776367,61.68000030517578,239200.0,,,,,,,,,,
2024-07-31 20:00:00-04:00,61.77999877929688,62.34999847412109,60.2599983215332,60.709999084472656,243400.0,,,,,,,,,,
2024-08-01 20:00:00-04:00,58.70000076293945,59.95000076293945,58.5,59.06999969482422,169800.0,,,,,,,,,,
2024-08-04 20:00:00-04:00,56.4900016784668,57.36000061035156,55.5,56.209999084472656,188900.0,,,,,,,,,,
2024-08-05 20:00:00-04:00,56.20000076293945,58.04999923706055,55.95000076293945,57.27999877929688,131800.0,,,,,,,,,,
2024-08-06 20:00:00-04:00,58.06999969482422,58.650001525878906,56.52999877929688,56.619998931884766,155700.0,,,,,,,,,,
2024-08-07 20:00:00-04:00,57.560001373291016,57.70000076293945,56.540000915527344,57.43000030517578,113400.0,,,,,,,,,,
2024-08-08 20:00:00-04:00,57.5099983215332,57.7400016784668,57.02000045776367,57.38999938964844,102900.0,,,,,,,,,,
2024-08-11 20:00:00-04:00,57.34000015258789,57.34000015258789,56.06999969482422,56.47999954223633,142100.0,,,,,,,,,,
2024-08-12 20:00:00-04:00,57.25,57.790000915527344,56.68999862670898,57.58000183105469,115900.0,,,,,,,,,,
2024-08-13 20:00:00-04:00,57.66999816894531,57.91999816894531,57.150001525878906,57.560001373291016,109900.0,,,,,,,,,,
2024-08-14 20:00:00-04:00,59.0,59.31999969482422,58.09999847412109,58.56999969482422,114700.0,,,,,,,,,,
2024-08-15 20:00:00-04:00,58.58000183105469,59.060001373291016,58.04999923706055,58.31999969482422,98600.0,,,,,,,,,,
2024-08-18 20:00:00-04:00,58.630001068115234,59.02999877929688,58.4900016784668,58.709999084472656,98800.0,,,,,,,,,,
2024-08-19 20:00:00-04:00,58.459999084472656,58.79999923706055,58.0099983215332,58.13999938964844,76200.0,,,,,,,,,,
2024-08-20 20:00:00-04:00,58.70000076293945,59.540000915527344,58.27000045776367,59.34000015258789,81200.0,,,,,,,,,,
2024-08-21 20:00:00-04:00,59.4900016784668,59.7400016784668,58.47999954223633,58.72999954223633,79200.0,,,,,,,,,,
2024-08-22 20:00:00-04:00,59.209999084472656,60.75,59.209999084472656,60.290000915527344,201000.0,,,,,,,,,,
2024-08-25 20:00:00-04:00,60.900001525878906,60.900001525878906,59.97999954223633,60.0,205300.0,,,,,,,,,,
2024-08-26 20:00:00-04:00,59.29999923706055,60.04999923706055,59.2599983215332,59.66999816894531,90500.0,,,,,,,,,,
2024-08-27 20:00:00-04:00,59.290000915527344,59.5099983215332,58.41999816894531,58.47999954223633,106700.0,,,,,,,,,,
2024-08-28 20:00:00-04:00,59.09999847412109,59.31999969482422,58.209999084472656,58.29999923706055,102200.0,,,,,,,,,,
2024-08-29 20:00:00-04:00,58.52999877929688,59.47999954223633,58.130001068115234,59.369998931884766,184900.0,,,,,,,,,,
2024-09-02 20:00:00-04:00,58.52000045776367,59.0,57.369998931884766,57.45000076293945,210400.0,,,,,,,,,,
2024-09-03 20:00:00-04:00,57.45000076293945,58.369998931884766,57.18000030517578,57.36000061035156,102000.0,,,,,,,,,,
2024-09-04 20:00:00-04:00,57.880001068115234,58.0099983215332,56.91999816894531,57.15999984741211,107900.0,,,,,,,,,,
2024-09-05 20:00:00-04:00,57.22999954223633,57.77999877929688,56.52000045776367,56.7599983215332,130900.0,,,,,,,,,,
2024-09-08 20:00:00-04:00,56.75,58.0099983215332,56.63999938964844,57.83000183105469,157300.0,,,,,,,,,,
2024-09-09 20:00:00-04:00,58.09999847412109,58.09999847412109,56.75,57.79999923706055,168000.0,,,,,,,,,,
2024-09-10 20:00:00-04:00,57.45000076293945,57.959999084472656,56.45000076293945,57.5,152800.0,,,,,,,,,,
2024-09-11 20:00:00-04:00,58.040000915527344,58.34000015258789,57.400001525878906,57.70000076293945,234400.0,,,,,,,,,,
2024-09-12 20:00:00-04:00,58.310001373291016,59.119998931884766,58.310001373291016,58.84000015258789,95500.0,,,,,,,,,,
2024-09-15 20:00:00-04:00,58.959999084472656,59.70000076293945,58.38999938964844,58.63999938964844,126600.0,,,,,,,,,,
2024-09-16 20:00:00-04:00,59.060001373291016,60.25,59.02000045776367,59.59000015258789,176500.0,,,,,,,,,,
2024-09-17 20:00:00-04:00,59.77000045776367,62.4900016784668,59.20000076293945,59.790000915527344,368900.0,,,,,,,,,,
2024-09-18 20:00:00-04:00,61.20000076293945,61.290000915527344,59.97999954223633,61.150001525878906,171200.0,,,,,,,,,,
2024-09-19 20:00:00-04:00,61.11000061035156,61.61000061035156,60.2599983215332,60.29999923706055,625100.0,,,,,,,,,,
2024-09-22 20:00:00-04:00,60.709999084472656,60.970001220703125,60.02000045776367,60.41999816894531,145300.0,,,,,,,,,,
2024-09-23 20:00:00-04:00,60.40999984741211,60.880001068115234,60.36000061035156,60.400001525878906,167200.0,,,,,,,,,,
2024-09-24 20:00:00-04:00,59.880001068115234,60.08000183105469,59.29999923706055,59.470001220703125,95200.0,,,,,,,,,,
2024-09-25 20:00:00-04:00,60.18999862670898,60.43999862670898,58.7599983215332,58.83000183105469,184800.0,,,,,,,,,,
2024-09-26 20:00:00-04:00,59.59999847412109,60.130001068115234,59.0,59.040000915527344,124600.0,,,,,,,,,,
2024-09-29 20:00:00-04:00,58.79999923706055,59.20000076293945,57.88999938964844,58.310001373291016,169300.0,,,,,,,,,,
2024-09-30 20:00:00-04:00,58.20000076293945,58.2599983215332,57.0099983215332,57.75,200800.0,,,,,,,,,,
2024-10-01 20:00:00-04:00,57.220001220703125,57.970001220703125,57.11000061035156,57.45000076293945,117400.0,,,,,,,,,,
2024-10-02 20:00:00-04:00,57.09999847412109,57.959999084472656,56.97999954223633,57.59999847412109,107400.0,,,,,,,,,,
2024-10-03 20:00:00-04:00,58.400001525878906,58.880001068115234,57.68999862670898,58.54999923706055,135300.0,,,,,,,,,,
2024-10-06 20:00:00-04:00,57.970001220703125,58.61000061035156,57.70000076293945,58.119998931884766,201100.0,,,,,,,,,,
2024-10-07 20:00:00-04:00,58.5099983215332,58.84000015258789,57.470001220703125,57.72999954223633,206600.0,,,,,,,,,,
2024-10-08 20:00:00-04:00,57.52999877929688,58.470001220703125,57.119998931884766,57.43000030517578,127100.0,,,,,,,,,,
2024-10-09 20:00:00-04:00,56.66999816894531,58.11000061035156,56.66999816894531,57.97999954223633,252300.0,,,,,,,,,,
2024-10-10 20:00:00-04:00,57.93000030517578,59.38999938964844,57.93000030517578,59.25,131000.0,,,,,,,,,,
2024-10-13 20:00:00-04:00,58.970001220703125,59.52000045776367,58.68999862670898,59.11000061035156,109200.0,,,,,,,,,,
2024-10-14 20:00:00-04:00,59.20000076293945,59.77999877929688,58.84000015258789,58.95000076293945,164500.0,,,,,,,,,,
2024-10-15 20:00:00-04:00,59.56999969482422,60.36000061035156,59.34000015258789,59.68999862670898,136800.0,,,,,,,,,,
2024-10-16 20:00:00-04:00,59.790000915527344,60.09999847412109,59.27000045776367,59.52999877929688,138500.0,,,,,,,,,,
2024-10-17 20:00:00-04:00,59.86000061035156,60.040000915527344,59.34000015258789,59.630001068115234,145300.0,,,,,,,,,,
2024-10-20 20:00:00-04:00,59.31999969482422,59.54999923706055,57.790000915527344,57.83000183105469,201800.0,,,,,,,,,,
2024-10-21 20:00:00-04:00,57.61000061035156,57.869998931884766,57.369998931884766,57.380001068115234,70100.0,,,,,,,,,,
2024-10-22 20:00:00-04:00,57.0,57.52000045776367,56.400001525878906,56.810001373291016,185100.0,,,,,,,,,,
2024-10-23 20:00:00-04:00,56.54999923706055,56.7599983215332,52.5099983215332,53.36000061035156,552100.0,,,,,,,,,,
2024-10-24 20:00:00-04:00,53.54999923706055,53.75,52.75,53.130001068115234,386400.0,,,,,,,,,,
2024-10-27 20:00:00-04:00,53.20000076293945,53.61000061035156,52.36000061035156,53.0099983215332,321200.0,,,,,,,,,,
2024-10-28 20:00:00-04:00,52.66999816894531,53.27999877929688,52.09999847412109,52.18999862670898,289700.0,,,,,,,,,,
2024-10-29 20:00:00-04:00,52.25,53.369998931884766,52.060001373291016,52.08000183105469,150400.0,,,,,,,,,,
2024-10-30 20:00:00-04:00,52.20000076293945,52.77000045776367,51.68000030517578,51.70000076293945,183100.0,,,,,,,,,,
2024-10-31 20:00:00-04:00,52.06999969482422,52.47999954223633,50.619998931884766,50.68000030517578,180500.0,,,,,,,,,,
2024-11-03 19:00:00-05:00,50.41999816894531,51.63999938964844,50.18000030517578,51.369998931884766,190900.0,,,,,,,,,,
2024-11-04 19:00:00-05:00,50.91999816894531,52.22999954223633,50.91999816894531,52.22999954223633,207300.0,,,,,,,,,,
2024-11-05 19:00:00-05:00,53.0,54.0,52.65999984741211,53.400001525878906,675900.0,,,,,,,,,,
2024-11-06 19:00:00-05:00,53.36000061035156,54.02999877929688,52.810001373291016,53.02999877929688,290000.0,,,,,,,,,,
2024-11-07 19:00:00-05:00,53.15999984741211,53.15999984741211,52.380001068115234,52.68000030517578,391500.0,,,,,,,,,,
2024-11-10 19:00:00-05:00,52.93999862670898,53.0099983215332,52.20000076293945,52.33000183105469,234300.0,,,,,,,,,,
2024-11-11 19:00:00-05:00,52.0,52.63999938964844,50.91999816894531,51.02999877929688,258600.0,,,,,,,,,,
2024-11-12 19:00:00-05:00,51.31999969482422,51.36000061035156,50.36000061035156,50.59000015258789,276100.0,,,,,,,,,,
2024-11-13 19:00:00-05:00,50.56999969482422,50.7599983215332,49.88999938964844,50.06999969482422,389400.0,,,,,,,,,,
2024-11-14 19:00:00-05:00,50.310001373291016,50.470001220703125,49.36000061035156,49.959999084472656,317900.0,,,,,,,,,,
2024-11-17 19:00:00-05:00,49.810001373291016,50.93999862670898,49.540000915527344,50.18000030517578,244400.0,,,,,,,,,,
2024-11-18 19:00:00-05:00,49.86000061035156,50.52000045776367,49.400001525878906,50.5,207900.0,,,,,,,,,,
2024-11-19 19:00:00-05:00,50.220001220703125,50.720001220703125,49.93000030517578,50.119998931884766,179600.0,,,,,,,,,,
2024-11-20 19:00:00-05:00,50.209999084472656,50.209999084472656,49.650001525878906,49.959999084472656,254700.0,,,,,,,,,,
2024-11-21 19:00:00-05:00,50.34999847412109,50.86000061035156,49.9900016784668,50.59000015258789,316500.0,,,,,,,,,,
2024-11-24 19:00:00-05:00,51.0099983215332,51.95000076293945,51.0099983215332,51.400001525878906,799400.0,,,,,,,,,,
2024-11-25 19:00:00-05:00,51.25,51.29999923706055,50.27999877929688,51.27000045776367,309300.0,,,,,,,,,,
2024-11-26 19:00:00-05:00,51.4900016784668,51.959999084472656,50.790000915527344,51.0,294100.0,,,,,,,,,,
2024-11-28 19:00:00-05:00,51.09999847412109,51.47999954223633,50.41999816894531,51.08000183105469,148400.0,,,,,,,,,,
2024-12-01 19:00:00-05:00,51.08000183105469,51.11000061035156,50.61000061035156,50.90999984741211,299300.0,,,,,,,,,,
2024-12-02 19:00:00-05:00,51.0,51.2599983215332,50.31999969482422,50.400001525878906,185400.0,,,,,,,,,,
2024-12-03 19:00:00-05:00,50.27999877929688,50.52000045776367,49.02999877929688,49.31999969482422,370300.0,,,,,,,,,,
2024-12-04 19:00:00-05:00,49.310001373291016,49.310001373291016,48.45000076293945,48.88999938964844,299900.0,,,,,,,,,,
2024-12-05 19:00:00-05:00,49.310001373291016,49.380001068115234,48.08000183105469,48.290000915527344,303900.0,,,,,,,,,,
2024-12-08 19:00:00-05:00,48.619998931884766,49.15999984741211,48.5099983215332,48.56999969482422,260200.0,,,,,,,,,,
2024-12-09 19:00:00-05:00,48.43999862670898,48.66999816894531,47.650001525878906,47.81999969482422,271800.0,,,,,,,,,,
2024-12-10 19:00:00-05:00,48.150001525878906,48.290000915527344,46.84000015258789,47.45000076293945,338700.0,,,,,,,,,,
2024-12-11 19:00:00-05:00,47.45000076293945,47.75,46.900001525878906,47.09999847412109,353600.0,,,,,,,,,,
2024-12-12 19:00:00-05:00,47.0,47.09999847412109,46.29999923706055,46.63999938964844,241300.0,,,,,,,,,,
2024-12-15 19:00:00-05:00,46.45000076293945,47.810001373291016,46.25,47.33000183105469,290500.0,,,,,,,,,,
2024-12-16 19:00:00-05:00,47.06999969482422,47.7599983215332,46.209999084472656,46.43999862670898,343700.0,,,,,,,,,,
2024-12-17 19:00:00-05:00,46.70000076293945,46.84999847412109,44.0099983215332,44.119998931884766,277500.0,,,,,,,,,,
2024-12-18 19:00:00-05:00,44.150001525878906,44.86000061035156,43.77000045776367,43.79999923706055,256100.0,,,,,,,,,,
2024-12-19 19:00:00-05:00,43.5,45.22999954223633,43.5,44.54999923706055,753200.0,,,,,,,,,,
2024-12-22 19:00:00-05:00,44.54999923706055,45.130001068115234,44.09999847412109,45.060001373291016,253000.0,,,,,,,,,,
2024-12-23 19:00:00-05:00,44.93000030517578,45.130001068115234,44.29999923706055,45.09999847412109,141800.0,,,,,,,,,,
2024-12-25 19:00:00-05:00,44.84999847412109,45.5,44.459999084472656,45.43999862670898,198800.0,,,,,,,,,,
2024-12-26 19:00:00-05:00,44.97999954223633,45.47999954223633,44.33000183105469,44.75,158500.0,,,,,,,,,,
2024-12-27 00:00:00+00:00,,,,,,44.75,44.75,45.47999954223633,44.33000183105469,44.97999954223633,158500.0,,,,
