Date,Open,High,Low,Close,Volume,"('Adj Close', 'SLGN')","('Close', 'SLGN')","('High', 'SLGN')","('Low', 'SLGN')","('Open', 'SLGN')","('Volume', 'SLGN')","('EMA5', '')","('EMA21', '')","('EMA26', '')","('ATR50', '')"
2024-01-01 19:00:00-05:00,44.95000076293945,45.81999969482422,44.95000076293945,45.34000015258789,291900.0,,,,,,,,,,
2024-01-02 19:00:00-05:00,44.58000183105469,44.630001068115234,43.720001220703125,44.04999923706055,491300.0,,,,,,,,,,
2024-01-03 19:00:00-05:00,43.93999862670898,44.56999969482422,43.900001525878906,44.40999984741211,444600.0,,,,,,,,,,
2024-01-04 19:00:00-05:00,44.15999984741211,45.31999969482422,44.0099983215332,44.810001373291016,695800.0,,,,,,,,,,
2024-01-07 19:00:00-05:00,44.56999969482422,45.02999877929688,44.52999877929688,44.79999923706055,331100.0,,,,,,,,,,
2024-01-08 19:00:00-05:00,44.52999877929688,44.59999847412109,44.22999954223633,44.380001068115234,267100.0,,,,,,,,,,
2024-01-09 19:00:00-05:00,44.11000061035156,44.310001373291016,43.90999984741211,43.95000076293945,277000.0,,,,,,,,,,
2024-01-10 19:00:00-05:00,43.97999954223633,44.27000045776367,43.619998931884766,43.70000076293945,495800.0,,,,,,,,,,
2024-01-11 19:00:00-05:00,44.09999847412109,44.18999862670898,43.25,43.43000030517578,331400.0,,,,,,,,,,
2024-01-15 19:00:00-05:00,43.20000076293945,43.20000076293945,42.75,42.869998931884766,294500.0,,,,,,,,,,
2024-01-16 19:00:00-05:00,42.5,42.869998931884766,42.43000030517578,42.84999847412109,374000.0,,,,,,,,,,
2024-01-17 19:00:00-05:00,42.75,42.79999923706055,42.290000915527344,42.65999984741211,360900.0,,,,,,,,,,
2024-01-18 19:00:00-05:00,42.91999816894531,43.18999862670898,42.41999816894531,43.150001525878906,303600.0,,,,,,,,,,
2024-01-21 19:00:00-05:00,43.209999084472656,43.619998931884766,43.13999938964844,43.540000915527344,275200.0,,,,,,,,,,
2024-01-22 19:00:00-05:00,43.93000030517578,44.25,43.650001525878906,43.869998931884766,664400.0,,,,,,,,,,
2024-01-23 19:00:00-05:00,44.11000061035156,44.11000061035156,43.36000061035156,43.45000076293945,505000.0,,,,,,,,,,
2024-01-24 19:00:00-05:00,44.09999847412109,44.209999084472656,43.54999923706055,43.97999954223633,388600.0,,,,,,,,,,
2024-01-25 19:00:00-05:00,44.220001220703125,44.5,43.720001220703125,43.79999923706055,547800.0,,,,,,,,,,
2024-01-28 19:00:00-05:00,43.65999984741211,43.65999984741211,43.060001373291016,43.540000915527344,623400.0,,,,,,,,,,
2024-01-29 19:00:00-05:00,43.5099983215332,43.90999984741211,43.09000015258789,43.63999938964844,568600.0,,,,,,,,,,
2024-01-30 19:00:00-05:00,47.119998931884766,47.5,45.470001220703125,45.93999862670898,1569800.0,,,,,,,,,,
2024-01-31 19:00:00-05:00,46.38999938964844,46.59000015258789,45.2599983215332,46.369998931884766,994200.0,,,,,,,,,,
2024-02-01 19:00:00-05:00,46.130001068115234,46.130001068115234,44.95000076293945,45.25,665900.0,,,,,,,,,,
2024-02-04 19:00:00-05:00,44.720001220703125,45.040000915527344,44.20000076293945,44.709999084472656,667400.0,,,,,,,,,,
2024-02-05 19:00:00-05:00,44.619998931884766,44.7400016784668,44.20000076293945,44.38999938964844,655200.0,,,,,,,,,,
2024-02-06 19:00:00-05:00,44.63999938964844,44.63999938964844,43.56999969482422,44.04999923706055,581500.0,,,,,,,,,,
2024-02-07 19:00:00-05:00,43.90999984741211,44.4900016784668,43.790000915527344,44.41999816894531,410900.0,,,,,,,,,,
2024-02-08 19:00:00-05:00,44.61000061035156,44.88999938964844,44.2599983215332,44.84000015258789,386900.0,,,,,,,,,,
2024-02-11 19:00:00-05:00,45.0,45.77000045776367,45.0,45.63999938964844,342500.0,,,,,,,,,,
2024-02-12 19:00:00-05:00,44.93000030517578,45.369998931884766,44.20000076293945,44.27999877929688,764300.0,,,,,,,,,,
2024-02-13 19:00:00-05:00,44.29999923706055,44.43999862670898,44.0099983215332,44.2599983215332,478100.0,,,,,,,,,,
2024-02-14 19:00:00-05:00,44.38999938964844,44.880001068115234,44.29999923706055,44.45000076293945,612400.0,,,,,,,,,,
2024-02-15 19:00:00-05:00,44.380001068115234,44.58000183105469,43.91999816894531,43.959999084472656,688800.0,,,,,,,,,,
2024-02-19 19:00:00-05:00,43.900001525878906,44.290000915527344,43.72999954223633,44.08000183105469,668300.0,,,,,,,,,,
2024-02-20 19:00:00-05:00,44.02000045776367,44.59999847412109,44.02000045776367,44.52000045776367,478200.0,,,,,,,,,,
2024-02-21 19:00:00-05:00,44.58000183105469,44.790000915527344,44.380001068115234,44.630001068115234,676000.0,,,,,,,,,,
2024-02-22 19:00:00-05:00,44.84999847412109,45.63999938964844,44.7400016784668,45.59999847412109,381100.0,,,,,,,,,,
2024-02-25 19:00:00-05:00,45.41999816894531,45.630001068115234,44.36000061035156,44.470001220703125,474400.0,,,,,,,,,,
2024-02-26 19:00:00-05:00,44.59999847412109,44.790000915527344,44.09000015258789,44.09999847412109,357700.0,,,,,,,,,,
2024-02-27 19:00:00-05:00,44.09999847412109,44.470001220703125,43.91999816894531,43.9900016784668,399600.0,,,,,,,,,,
2024-02-28 19:00:00-05:00,43.97999954223633,44.27999877929688,43.75,43.90999984741211,677800.0,,,,,,,,,,
2024-02-29 19:00:00-05:00,43.869998931884766,44.130001068115234,43.68000030517578,43.720001220703125,438500.0,,,,,,,,,,
2024-03-03 19:00:00-05:00,43.91999816894531,44.02000045776367,43.34999847412109,43.369998931884766,708000.0,,,,,,,,,,
2024-03-04 19:00:00-05:00,43.13999938964844,43.61000061035156,42.959999084472656,43.290000915527344,801500.0,,,,,,,,,,
2024-03-05 19:00:00-05:00,43.47999954223633,43.58000183105469,42.900001525878906,43.040000915527344,946400.0,,,,,,,,,,
2024-03-06 19:00:00-05:00,43.369998931884766,43.95000076293945,43.209999084472656,43.709999084472656,892700.0,,,,,,,,,,
2024-03-07 19:00:00-05:00,43.90999984741211,44.54999923706055,43.5,44.27000045776367,564400.0,,,,,,,,,,
2024-03-10 20:00:00-04:00,44.09000015258789,45.04999923706055,44.060001373291016,44.95000076293945,481100.0,,,,,,,,,,
2024-03-11 20:00:00-04:00,44.95000076293945,44.97999954223633,44.209999084472656,44.52000045776367,508900.0,,,,,,,,,,
2024-03-12 20:00:00-04:00,44.45000076293945,44.83000183105469,44.369998931884766,44.5099983215332,365500.0,,,,,,,,,,
2024-03-13 20:00:00-04:00,44.31999969482422,44.43999862670898,43.880001068115234,44.400001525878906,434900.0,,,,,,,,,,
2024-03-14 20:00:00-04:00,44.22999954223633,44.90999984741211,44.22999954223633,44.52000045776367,992600.0,,,,,,,,,,
2024-03-17 20:00:00-04:00,44.52000045776367,44.86000061035156,43.95000076293945,43.97999954223633,434500.0,,,,,,,,,,
2024-03-18 20:00:00-04:00,43.880001068115234,44.369998931884766,43.810001373291016,44.310001373291016,366900.0,,,,,,,,,,
2024-03-19 20:00:00-04:00,44.130001068115234,44.81999969482422,44.130001068115234,44.81999969482422,451200.0,,,,,,,,,,
2024-03-20 20:00:00-04:00,44.869998931884766,45.38999938964844,44.68999862670898,45.27999877929688,599900.0,,,,,,,,,,
2024-03-21 20:00:00-04:00,45.470001220703125,45.56999969482422,45.11000061035156,45.20000076293945,715300.0,,,,,,,,,,
2024-03-24 20:00:00-04:00,45.25,45.84999847412109,45.2400016784668,45.47999954223633,372800.0,,,,,,,,,,
2024-03-25 20:00:00-04:00,45.56999969482422,45.810001373291016,45.369998931884766,45.72999954223633,405000.0,,,,,,,,,,
2024-03-26 20:00:00-04:00,45.869998931884766,47.18999862670898,45.869998931884766,47.16999816894531,961300.0,,,,,,,,,,
2024-03-27 20:00:00-04:00,47.31999969482422,48.68000030517578,47.31999969482422,48.560001373291016,1138300.0,,,,,,,,,,
2024-03-31 20:00:00-04:00,48.5099983215332,48.77999877929688,47.9900016784668,48.66999816894531,1007000.0,,,,,,,,,,
2024-04-01 20:00:00-04:00,48.63999938964844,48.84000015258789,47.97999954223633,48.27999877929688,713500.0,,,,,,,,,,
2024-04-02 20:00:00-04:00,48.150001525878906,48.619998931884766,47.83000183105469,47.959999084472656,726200.0,,,,,,,,,,
2024-04-03 20:00:00-04:00,48.27000045776367,48.59000015258789,47.54999923706055,47.77999877929688,725300.0,,,,,,,,,,
2024-04-04 20:00:00-04:00,47.470001220703125,48.220001220703125,47.45000076293945,48.09000015258789,624400.0,,,,,,,,,,
2024-04-07 20:00:00-04:00,48.369998931884766,48.5099983215332,48.04999923706055,48.27000045776367,613600.0,,,,,,,,,,
2024-04-08 20:00:00-04:00,48.2599983215332,49.209999084472656,48.25,49.13999938964844,961500.0,,,,,,,,,,
2024-04-09 20:00:00-04:00,48.18999862670898,49.720001220703125,48.13999938964844,49.27999877929688,954200.0,,,,,,,,,,
2024-04-10 20:00:00-04:00,49.400001525878906,49.400001525878906,48.619998931884766,48.68000030517578,623600.0,,,,,,,,,,
2024-04-11 20:00:00-04:00,48.40999984741211,48.5099983215332,47.369998931884766,47.470001220703125,461900.0,,,,,,,,,,
2024-04-14 20:00:00-04:00,47.869998931884766,48.09999847412109,46.91999816894531,47.25,452900.0,,,,,,,,,,
2024-04-15 20:00:00-04:00,47.13999938964844,47.27000045776367,46.54999923706055,47.04999923706055,493900.0,,,,,,,,,,
2024-04-16 20:00:00-04:00,47.18999862670898,47.52000045776367,46.75,46.790000915527344,415600.0,,,,,,,,,,
2024-04-17 20:00:00-04:00,46.83000183105469,46.93000030517578,46.43000030517578,46.84000015258789,336200.0,,,,,,,,,,
2024-04-18 20:00:00-04:00,46.68999862670898,47.43000030517578,46.470001220703125,47.400001525878906,335900.0,,,,,,,,,,
2024-04-21 20:00:00-04:00,47.380001068115234,47.77999877929688,46.84000015258789,47.040000915527344,783400.0,,,,,,,,,,
2024-04-22 20:00:00-04:00,46.72999954223633,47.619998931884766,46.72999954223633,47.22999954223633,383700.0,,,,,,,,,,
2024-04-23 20:00:00-04:00,47.209999084472656,47.4900016784668,46.95000076293945,47.31999969482422,507000.0,,,,,,,,,,
2024-04-24 20:00:00-04:00,46.86000061035156,47.27999877929688,46.5099983215332,47.02000045776367,413500.0,,,,,,,,,,
2024-04-25 20:00:00-04:00,47.15999984741211,47.540000915527344,46.95000076293945,46.959999084472656,485600.0,,,,,,,,,,
2024-04-28 20:00:00-04:00,47.18999862670898,47.630001068115234,47.0099983215332,47.290000915527344,551800.0,,,,,,,,,,
2024-04-29 20:00:00-04:00,46.93999862670898,47.060001373291016,46.540000915527344,46.65999984741211,819900.0,,,,,,,,,,
2024-04-30 20:00:00-04:00,47.68999862670898,48.25,44.27999877929688,44.720001220703125,1360300.0,,,,,,,,,,
2024-05-01 20:00:00-04:00,45.27999877929688,46.0099983215332,45.0,45.38999938964844,1373400.0,,,,,,,,,,
2024-05-02 20:00:00-04:00,46.02999877929688,46.29999923706055,45.869998931884766,46.27999877929688,704400.0,,,,,,,,,,
2024-05-05 20:00:00-04:00,46.7599983215332,46.959999084472656,46.5,46.63999938964844,471400.0,,,,,,,,,,
2024-05-06 20:00:00-04:00,46.63999938964844,47.310001373291016,46.52999877929688,47.13999938964844,559800.0,,,,,,,,,,
2024-05-07 20:00:00-04:00,46.95000076293945,47.16999816894531,46.41999816894531,46.459999084472656,490900.0,,,,,,,,,,
2024-05-08 20:00:00-04:00,46.70000076293945,46.959999084472656,46.540000915527344,46.810001373291016,688200.0,,,,,,,,,,
2024-05-09 20:00:00-04:00,46.9900016784668,47.86000061035156,46.77000045776367,47.84000015258789,516000.0,,,,,,,,,,
2024-05-12 20:00:00-04:00,47.95000076293945,48.18000030517578,47.380001068115234,47.400001525878906,517000.0,,,,,,,,,,
2024-05-13 20:00:00-04:00,47.72999954223633,47.83000183105469,47.25,47.560001373291016,408500.0,,,,,,,,,,
2024-05-14 20:00:00-04:00,47.68000030517578,47.68000030517578,47.06999969482422,47.11000061035156,514800.0,,,,,,,,,,
2024-05-15 20:00:00-04:00,46.93000030517578,47.619998931884766,46.810001373291016,47.369998931884766,383100.0,,,,,,,,,,
2024-05-16 20:00:00-04:00,47.470001220703125,47.56999969482422,47.02000045776367,47.220001220703125,245200.0,,,,,,,,,,
2024-05-19 20:00:00-04:00,47.06999969482422,47.119998931884766,46.400001525878906,46.869998931884766,624000.0,,,,,,,,,,
2024-05-20 20:00:00-04:00,46.869998931884766,47.08000183105469,46.63999938964844,46.959999084472656,645000.0,,,,,,,,,,
2024-05-21 20:00:00-04:00,46.790000915527344,46.93000030517578,46.4900016784668,46.68000030517578,288100.0,,,,,,,,,,
2024-05-22 20:00:00-04:00,46.650001525878906,46.650001525878906,46.18000030517578,46.56999969482422,789800.0,,,,,,,,,,
2024-05-23 20:00:00-04:00,46.7599983215332,46.93000030517578,46.09000015258789,46.720001220703125,794800.0,,,,,,,,,,
2024-05-27 20:00:00-04:00,46.869998931884766,46.959999084472656,46.29999923706055,46.630001068115234,503100.0,,,,,,,,,,
2024-05-28 20:00:00-04:00,46.27999877929688,46.400001525878906,45.75,46.18999862670898,474800.0,,,,,,,,,,
2024-05-29 20:00:00-04:00,46.27000045776367,46.59000015258789,46.06999969482422,46.470001220703125,483200.0,,,,,,,,,,
2024-05-30 20:00:00-04:00,46.560001373291016,47.2599983215332,46.380001068115234,47.25,498600.0,,,,,,,,,,
2024-06-02 20:00:00-04:00,47.20000076293945,47.560001373291016,46.36000061035156,46.83000183105469,432700.0,,,,,,,,,,
2024-06-03 20:00:00-04:00,46.38999938964844,46.38999938964844,45.650001525878906,45.65999984741211,552600.0,,,,,,,,,,
2024-06-04 20:00:00-04:00,45.619998931884766,45.95000076293945,45.11000061035156,45.7599983215332,502000.0,,,,,,,,,,
2024-06-05 20:00:00-04:00,45.81999969482422,46.18999862670898,45.58000183105469,46.119998931884766,427500.0,,,,,,,,,,
2024-06-06 20:00:00-04:00,45.91999816894531,46.22999954223633,45.68999862670898,45.93999862670898,396800.0,,,,,,,,,,
2024-06-09 20:00:00-04:00,45.70000076293945,46.150001525878906,45.2599983215332,45.790000915527344,488200.0,,,,,,,,,,
2024-06-10 20:00:00-04:00,45.63999938964844,45.810001373291016,45.40999984741211,45.66999816894531,337800.0,,,,,,,,,,
2024-06-11 20:00:00-04:00,46.040000915527344,46.119998931884766,45.18999862670898,45.29999923706055,493000.0,,,,,,,,,,
2024-06-12 20:00:00-04:00,45.18999862670898,45.5,44.31999969482422,44.38999938964844,1187500.0,,,,,,,,,,
2024-06-13 20:00:00-04:00,44.11000061035156,44.27000045776367,43.41999816894531,44.119998931884766,502000.0,,,,,,,,,,
2024-06-16 20:00:00-04:00,44.119998931884766,44.20000076293945,43.66999816894531,44.0,452900.0,,,,,,,,,,
2024-06-17 20:00:00-04:00,43.93000030517578,44.15999984741211,43.79999923706055,43.970001220703125,415200.0,,,,,,,,,,
2024-06-19 20:00:00-04:00,43.880001068115234,44.38999938964844,43.77000045776367,44.2400016784668,404700.0,,,,,,,,,,
2024-06-20 20:00:00-04:00,44.2400016784668,44.5099983215332,44.06999969482422,44.2599983215332,755400.0,,,,,,,,,,
2024-06-23 20:00:00-04:00,43.95000076293945,44.68000030517578,43.95000076293945,44.29999923706055,342500.0,,,,,,,,,,
2024-06-24 20:00:00-04:00,44.34999847412109,44.5099983215332,43.650001525878906,43.86000061035156,341700.0,,,,,,,,,,
2024-06-25 20:00:00-04:00,43.68999862670898,43.7599983215332,43.27000045776367,43.5099983215332,477800.0,,,,,,,,,,
2024-06-26 20:00:00-04:00,43.369998931884766,43.380001068115234,42.45000076293945,42.83000183105469,1144500.0,,,,,,,,,,
2024-06-27 20:00:00-04:00,43.119998931884766,43.34999847412109,42.11000061035156,42.33000183105469,1032800.0,,,,,,,,,,
2024-06-30 20:00:00-04:00,42.56999969482422,42.619998931884766,41.650001525878906,41.86000061035156,518400.0,,,,,,,,,,
2024-07-01 20:00:00-04:00,41.790000915527344,41.84000015258789,41.470001220703125,41.810001373291016,491200.0,,,,,,,,,,
2024-07-02 20:00:00-04:00,41.970001220703125,42.09000015258789,41.63999938964844,41.880001068115234,287400.0,,,,,,,,,,
2024-07-04 20:00:00-04:00,41.70000076293945,41.7599983215332,41.13999938964844,41.31999969482422,1097100.0,,,,,,,,,,
2024-07-07 20:00:00-04:00,42.650001525878906,42.810001373291016,42.20000076293945,42.68000030517578,846400.0,,,,,,,,,,
2024-07-08 20:00:00-04:00,42.18000030517578,42.63999938964844,41.84999847412109,42.34999847412109,499200.0,,,,,,,,,,
2024-07-09 20:00:00-04:00,42.560001373291016,42.900001525878906,42.34000015258789,42.560001373291016,453200.0,,,,,,,,,,
2024-07-10 20:00:00-04:00,42.93000030517578,43.810001373291016,42.560001373291016,43.43000030517578,532700.0,,,,,,,,,,
2024-07-11 20:00:00-04:00,43.720001220703125,44.4900016784668,43.470001220703125,44.27999877929688,553800.0,,,,,,,,,,
2024-07-14 20:00:00-04:00,44.16999816894531,45.02000045776367,44.16999816894531,44.7599983215332,653000.0,,,,,,,,,,
2024-07-15 20:00:00-04:00,44.79999923706055,45.810001373291016,44.79999923706055,45.619998931884766,373500.0,,,,,,,,,,
2024-07-16 20:00:00-04:00,45.650001525878906,46.36000061035156,45.650001525878906,45.75,625400.0,,,,,,,,,,
2024-07-17 20:00:00-04:00,45.470001220703125,46.290000915527344,45.470001220703125,45.91999816894531,485500.0,,,,,,,,,,
2024-07-18 20:00:00-04:00,45.63999938964844,45.7599983215332,45.119998931884766,45.33000183105469,426900.0,,,,,,,,,,
2024-07-21 20:00:00-04:00,45.27000045776367,45.650001525878906,44.97999954223633,45.54999923706055,368700.0,,,,,,,,,,
2024-07-22 20:00:00-04:00,45.720001220703125,46.04999923706055,45.40999984741211,45.90999984741211,455500.0,,,,,,,,,,
2024-07-23 20:00:00-04:00,46.2400016784668,46.880001068115234,45.97999954223633,46.380001068115234,660800.0,,,,,,,,,,
2024-07-24 20:00:00-04:00,46.33000183105469,47.0,46.18999862670898,46.97999954223633,935500.0,,,,,,,,,,
2024-07-25 20:00:00-04:00,47.150001525878906,48.220001220703125,46.97999954223633,47.84999847412109,502000.0,,,,,,,,,,
2024-07-28 20:00:00-04:00,48.040000915527344,48.25,47.61000061035156,47.81999969482422,571600.0,,,,,,,,,,
2024-07-29 20:00:00-04:00,48.0099983215332,48.88999938964844,47.93000030517578,48.7400016784668,660400.0,,,,,,,,,,
2024-07-30 20:00:00-04:00,48.900001525878906,52.11000061035156,48.900001525878906,51.43000030517578,1287800.0,,,,,,,,,,
2024-07-31 20:00:00-04:00,52.06999969482422,52.84000015258789,51.709999084472656,52.68999862670898,1212600.0,,,,,,,,,,
2024-08-01 20:00:00-04:00,52.31999969482422,52.650001525878906,50.84999847412109,51.2599983215332,843000.0,,,,,,,,,,
2024-08-04 20:00:00-04:00,50.22999954223633,50.27000045776367,48.380001068115234,48.400001525878906,1114000.0,,,,,,,,,,
2024-08-05 20:00:00-04:00,48.38999938964844,49.65999984741211,48.33000183105469,49.08000183105469,881800.0,,,,,,,,,,
2024-08-06 20:00:00-04:00,49.41999816894531,49.81999969482422,48.59999847412109,48.709999084472656,714500.0,,,,,,,,,,
2024-08-07 20:00:00-04:00,48.959999084472656,49.41999816894531,48.91999816894531,49.09999847412109,377800.0,,,,,,,,,,
2024-08-08 20:00:00-04:00,48.9900016784668,49.27999877929688,48.4900016784668,48.959999084472656,391500.0,,,,,,,,,,
2024-08-11 20:00:00-04:00,48.959999084472656,49.09000015258789,48.02999877929688,48.47999954223633,517100.0,,,,,,,,,,
2024-08-12 20:00:00-04:00,48.58000183105469,49.34000015258789,48.400001525878906,49.16999816894531,390200.0,,,,,,,,,,
2024-08-13 20:00:00-04:00,49.25,49.38999938964844,48.81999969482422,49.0,303200.0,,,,,,,,,,
2024-08-14 20:00:00-04:00,49.47999954223633,49.970001220703125,49.31999969482422,49.630001068115234,457400.0,,,,,,,,,,
2024-08-15 20:00:00-04:00,49.36000061035156,50.34999847412109,49.31999969482422,50.11000061035156,1055100.0,,,,,,,,,,
2024-08-18 20:00:00-04:00,50.18999862670898,50.5,49.869998931884766,49.970001220703125,346400.0,,,,,,,,,,
2024-08-19 20:00:00-04:00,49.90999984741211,50.34000015258789,49.84000015258789,50.20000076293945,453600.0,,,,,,,,,,
2024-08-20 20:00:00-04:00,50.31999969482422,50.650001525878906,50.0,50.650001525878906,297100.0,,,,,,,,,,
2024-08-21 20:00:00-04:00,50.900001525878906,50.9900016784668,50.52000045776367,50.79999923706055,291800.0,,,,,,,,,,
2024-08-22 20:00:00-04:00,50.9900016784668,51.38999938964844,50.650001525878906,51.27000045776367,273800.0,,,,,,,,,,
2024-08-25 20:00:00-04:00,51.59999847412109,52.13999938964844,51.31999969482422,51.34999847412109,303300.0,,,,,,,,,,
2024-08-26 20:00:00-04:00,51.13999938964844,51.18999862670898,50.68999862670898,50.84999847412109,534400.0,,,,,,,,,,
2024-08-27 20:00:00-04:00,50.68000030517578,51.2599983215332,50.61000061035156,51.22999954223633,585200.0,,,,,,,,,,
2024-08-28 20:00:00-04:00,51.540000915527344,51.90999984741211,51.130001068115234,51.77999877929688,468500.0,,,,,,,,,,
2024-08-29 20:00:00-04:00,51.709999084472656,52.40999984741211,51.709999084472656,52.27000045776367,429500.0,,,,,,,,,,
2024-09-02 20:00:00-04:00,51.68000030517578,52.0099983215332,50.880001068115234,51.2599983215332,692200.0,,,,,,,,,,
2024-09-03 20:00:00-04:00,51.119998931884766,51.4900016784668,50.880001068115234,50.90999984741211,475800.0,,,,,,,,,,
2024-09-04 20:00:00-04:00,51.0099983215332,51.08000183105469,50.0099983215332,50.34999847412109,432200.0,,,,,,,,,,
2024-09-05 20:00:00-04:00,50.5,50.84000015258789,50.119998931884766,50.47999954223633,500000.0,,,,,,,,,,
2024-09-08 20:00:00-04:00,50.4900016784668,50.72999954223633,49.95000076293945,49.95000076293945,467500.0,,,,,,,,,,
2024-09-09 20:00:00-04:00,50.060001373291016,50.45000076293945,49.880001068115234,49.959999084472656,358000.0,,,,,,,,,,
2024-09-10 20:00:00-04:00,49.79999923706055,49.79999923706055,48.75,49.59999847412109,282500.0,,,,,,,,,,
2024-09-11 20:00:00-04:00,49.970001220703125,50.15999984741211,49.72999954223633,50.0,449700.0,,,,,,,,,,
2024-09-12 20:00:00-04:00,50.52999877929688,51.04999923706055,50.2400016784668,50.52999877929688,332800.0,,,,,,,,,,
2024-09-15 20:00:00-04:00,50.81999969482422,51.33000183105469,50.66999816894531,51.27000045776367,394800.0,,,,,,,,,,
2024-09-16 20:00:00-04:00,51.459999084472656,51.63999938964844,51.09000015258789,51.400001525878906,391200.0,,,,,,,,,,
2024-09-17 20:00:00-04:00,51.5099983215332,52.04999923706055,51.119998931884766,51.45000076293945,1073600.0,,,,,,,,,,
2024-09-18 20:00:00-04:00,52.13999938964844,52.2599983215332,51.66999816894531,52.02000045776367,557200.0,,,,,,,,,,
2024-09-19 20:00:00-04:00,51.52000045776367,51.619998931884766,51.0099983215332,51.369998931884766,708600.0,,,,,,,,,,
2024-09-22 20:00:00-04:00,51.470001220703125,51.650001525878906,51.18999862670898,51.33000183105469,452300.0,,,,,,,,,,
2024-09-23 20:00:00-04:00,51.45000076293945,51.79999923706055,50.97999954223633,51.22999954223633,1269100.0,,,,,,,,,,
2024-09-24 20:00:00-04:00,51.400001525878906,51.619998931884766,50.790000915527344,50.81999969482422,436200.0,,,,,,,,,,
2024-09-25 20:00:00-04:00,51.310001373291016,52.02000045776367,51.09000015258789,51.790000915527344,295900.0,,,,,,,,,,
2024-09-26 20:00:00-04:00,52.119998931884766,52.75,51.34000015258789,51.54999923706055,772200.0,,,,,,,,,,
2024-09-29 20:00:00-04:00,51.43999862670898,52.52999877929688,51.09999847412109,52.5,631200.0,,,,,,,,,,
2024-09-30 20:00:00-04:00,52.380001068115234,52.540000915527344,51.95000076293945,51.9900016784668,371300.0,,,,,,,,,,
2024-10-01 20:00:00-04:00,52.060001373291016,52.2400016784668,51.119998931884766,51.59999847412109,441000.0,,,,,,,,,,
2024-10-02 20:00:00-04:00,51.36000061035156,51.56999969482422,50.630001068115234,50.7599983215332,950800.0,,,,,,,,,,
2024-10-03 20:00:00-04:00,51.220001220703125,51.61000061035156,51.119998931884766,51.52000045776367,425300.0,,,,,,,,,,
2024-10-06 20:00:00-04:00,51.220001220703125,51.220001220703125,50.59000015258789,50.970001220703125,483700.0,,,,,,,,,,
2024-10-07 20:00:00-04:00,50.90999984741211,51.15999984741211,50.58000183105469,50.59999847412109,471700.0,,,,,,,,,,
2024-10-08 20:00:00-04:00,50.52000045776367,51.209999084472656,50.40999984741211,50.91999816894531,358800.0,,,,,,,,,,
2024-10-09 20:00:00-04:00,50.84999847412109,50.9900016784668,50.459999084472656,50.88999938964844,398700.0,,,,,,,,,,
2024-10-10 20:00:00-04:00,51.040000915527344,51.90999984741211,50.97999954223633,51.56999969482422,376300.0,,,,,,,,,,
2024-10-13 20:00:00-04:00,51.58000183105469,52.02999877929688,51.52999877929688,51.900001525878906,392000.0,,,,,,,,,,
2024-10-14 20:00:00-04:00,51.810001373291016,51.9900016784668,51.310001373291016,51.459999084472656,647800.0,,,,,,,,,,
2024-10-15 20:00:00-04:00,51.560001373291016,52.15999984741211,51.5099983215332,51.56999969482422,424200.0,,,,,,,,,,
2024-10-16 20:00:00-04:00,51.93000030517578,52.220001220703125,51.68999862670898,51.720001220703125,283700.0,,,,,,,,,,
2024-10-17 20:00:00-04:00,52.02000045776367,52.5,51.56999969482422,52.45000076293945,470100.0,,,,,,,,,,
2024-10-20 20:00:00-04:00,52.15999984741211,52.18000030517578,51.34999847412109,51.380001068115234,336800.0,,,,,,,,,,
2024-10-21 20:00:00-04:00,51.2400016784668,51.29999923706055,50.77000045776367,51.09000015258789,306800.0,,,,,,,,,,
2024-10-22 20:00:00-04:00,51.130001068115234,51.52999877929688,50.619998931884766,50.95000076293945,316300.0,,,,,,,,,,
2024-10-23 20:00:00-04:00,50.90999984741211,51.38999938964844,50.79999923706055,50.95000076293945,235500.0,,,,,,,,,,
2024-10-24 20:00:00-04:00,51.15999984741211,51.34000015258789,50.83000183105469,50.900001525878906,389700.0,,,,,,,,,,
2024-10-27 20:00:00-04:00,51.18000030517578,51.86000061035156,51.13999938964844,51.15999984741211,366600.0,,,,,,,,,,
2024-10-28 20:00:00-04:00,50.869998931884766,50.9900016784668,50.560001373291016,50.790000915527344,355800.0,,,,,,,,,,
2024-10-29 20:00:00-04:00,50.2400016784668,52.79999923706055,49.9900016784668,52.40999984741211,941800.0,,,,,,,,,,
2024-10-30 20:00:00-04:00,52.45000076293945,52.7599983215332,51.52999877929688,51.7400016784668,595500.0,,,,,,,,,,
2024-10-31 20:00:00-04:00,51.97999954223633,52.68999862670898,51.630001068115234,52.63999938964844,892800.0,,,,,,,,,,
2024-11-03 19:00:00-05:00,52.790000915527344,53.720001220703125,52.790000915527344,53.06999969482422,888200.0,,,,,,,,,,
2024-11-04 19:00:00-05:00,53.0,53.66999816894531,52.83000183105469,53.09000015258789,625200.0,,,,,,,,,,
2024-11-05 19:00:00-05:00,55.18999862670898,55.2400016784668,53.36000061035156,53.970001220703125,602500.0,,,,,,,,,,
2024-11-06 19:00:00-05:00,54.119998931884766,54.220001220703125,53.36000061035156,53.5099983215332,396900.0,,,,,,,,,,
2024-11-07 19:00:00-05:00,53.59999847412109,53.97999954223633,53.15999984741211,53.63999938964844,506800.0,,,,,,,,,,
2024-11-10 19:00:00-05:00,54.04999923706055,54.52999877929688,53.84000015258789,54.06999969482422,696300.0,,,,,,,,,,
2024-11-11 19:00:00-05:00,54.09999847412109,54.77000045776367,53.88999938964844,54.52000045776367,585400.0,,,,,,,,,,
2024-11-12 19:00:00-05:00,54.52999877929688,55.31999969482422,54.52999877929688,55.130001068115234,921200.0,,,,,,,,,,
2024-11-13 19:00:00-05:00,55.09999847412109,55.290000915527344,53.900001525878906,53.93000030517578,489100.0,,,,,,,,,,
2024-11-14 19:00:00-05:00,53.959999084472656,54.380001068115234,53.459999084472656,53.54999923706055,492900.0,,,,,,,,,,
2024-11-17 19:00:00-05:00,53.52999877929688,54.220001220703125,53.43999862670898,54.20000076293945,673200.0,,,,,,,,,,
2024-11-18 19:00:00-05:00,53.79999923706055,54.77000045776367,53.75,54.290000915527344,686800.0,,,,,,,,,,
2024-11-19 19:00:00-05:00,54.02000045776367,54.90999984741211,53.970001220703125,54.77000045776367,779900.0,,,,,,,,,,
2024-11-20 19:00:00-05:00,54.77000045776367,55.90999984741211,54.310001373291016,55.59999847412109,690900.0,,,,,,,,,,
2024-11-21 19:00:00-05:00,55.72999954223633,56.77999877929688,55.70000076293945,56.52999877929688,544800.0,,,,,,,,,,
2024-11-24 19:00:00-05:00,56.84000015258789,57.61000061035156,56.84000015258789,57.119998931884766,660500.0,,,,,,,,,,
2024-11-25 19:00:00-05:00,57.130001068115234,57.20000076293945,56.650001525878906,57.16999816894531,518700.0,,,,,,,,,,
2024-11-26 19:00:00-05:00,57.52999877929688,58.13999938964844,57.27000045776367,57.45000076293945,669700.0,,,,,,,,,,
2024-11-28 19:00:00-05:00,57.56999969482422,57.900001525878906,57.459999084472656,57.52999877929688,330000.0,,,,,,,,,,
2024-12-01 19:00:00-05:00,57.2400016784668,57.33000183105469,56.52000045776367,57.220001220703125,382700.0,,,,,,,,,,
2024-12-02 19:00:00-05:00,57.130001068115234,57.2400016784668,56.290000915527344,56.75,405800.0,,,,,,,,,,
2024-12-03 19:00:00-05:00,56.43999862670898,56.81999969482422,56.15999984741211,56.459999084472656,486400.0,,,,,,,,,,
2024-12-04 19:00:00-05:00,55.959999084472656,56.81999969482422,55.84000015258789,56.43000030517578,868100.0,,,,,,,,,,
2024-12-05 19:00:00-05:00,56.459999084472656,56.66999816894531,55.34999847412109,55.380001068115234,466700.0,,,,,,,,,,
2024-12-08 19:00:00-05:00,55.65999984741211,56.68000030517578,55.36000061035156,55.84000015258789,638400.0,,,,,,,,,,
2024-12-09 19:00:00-05:00,55.970001220703125,55.970001220703125,55.040000915527344,55.13999938964844,497400.0,,,,,,,,,,
2024-12-10 19:00:00-05:00,55.27999877929688,55.34999847412109,54.630001068115234,54.810001373291016,922700.0,,,,,,,,,,
2024-12-11 19:00:00-05:00,54.59999847412109,55.09000015258789,54.380001068115234,54.68999862670898,634400.0,,,,,,,,,,
2024-12-12 19:00:00-05:00,54.310001373291016,55.13999938964844,54.2599983215332,54.81999969482422,439700.0,,,,,,,,,,
2024-12-15 19:00:00-05:00,54.79999923706055,54.95000076293945,54.130001068115234,54.18000030517578,605800.0,,,,,,,,,,
2024-12-16 19:00:00-05:00,53.90999984741211,54.33000183105469,53.18000030517578,53.52999877929688,864600.0,,,,,,,,,,
2024-12-17 19:00:00-05:00,53.59000015258789,54.04999923706055,51.95000076293945,52.15999984741211,742100.0,,,,,,,,,,
2024-12-18 19:00:00-05:00,52.63999938964844,53.09000015258789,51.869998931884766,51.91999816894531,648500.0,,,,,,,,,,
2024-12-19 19:00:00-05:00,52.040000915527344,53.130001068115234,51.630001068115234,52.18000030517578,7235700.0,,,,,,,,,,
2024-12-22 19:00:00-05:00,51.790000915527344,52.52000045776367,51.40999984741211,52.4900016784668,604900.0,,,,,,,,,,
2024-12-23 19:00:00-05:00,52.38999938964844,53.0,52.36000061035156,52.959999084472656,198300.0,,,,,,,,,,
2024-12-25 19:00:00-05:00,52.77000045776367,53.150001525878906,52.68999862670898,52.869998931884766,473400.0,,,,,,,,,,
2024-12-26 19:00:00-05:00,52.54999923706055,53.38999938964844,52.43999862670898,52.54999923706055,513900.0,,,,,,,,,,
2024-12-27 00:00:00+00:00,,,,,,52.54999923706055,52.54999923706055,53.38999938964844,52.439998626708984,52.54999923706055,513927.0,,,,
